,existingchecking,statussex,sex,maritalStatus,duration,credithistory,purpose,creditamount,savings,employmentsince,installmentrate,otherdebtors,residencesince,property,age,otherinstallmentplans,housing,existingcredits,job,peopleliable,telephone,foreignworker,classification
0,1,A93,1,0,6,3,3,1169,3,2,4,0,4,1,67,0,1,2,2,1,1,1,1
1,2,A92,0,1,48,1,3,5951,1,1,2,0,2,1,22,0,1,1,2,1,0,1,0
2,0,A93,1,0,12,3,6,2096,1,2,2,0,3,1,49,0,1,1,1,2,0,1,1
3,1,A93,1,0,42,1,2,7882,1,2,2,2,4,2,45,0,2,1,2,2,0,1,1
4,1,A93,1,0,24,2,1,4870,1,1,3,0,4,0,53,0,2,2,2,2,0,1,0
5,0,A93,1,0,36,1,6,9055,3,1,2,0,4,0,35,0,2,1,1,2,1,1,1
6,0,A93,1,0,24,1,2,2835,2,2,3,0,4,2,53,0,1,1,2,1,0,1,1
7,2,A93,1,0,36,1,1,6948,1,1,2,0,2,3,35,0,0,1,3,1,1,1,1
8,0,A91,1,1,12,1,3,3059,2,2,2,0,4,1,61,0,1,1,1,1,0,1,1
9,2,A94,1,1,30,3,1,5234,1,3,4,0,2,3,28,0,1,2,3,1,0,1,0
10,2,A92,0,1,12,1,1,1295,1,1,3,0,1,3,25,0,0,1,2,1,0,1,0
11,1,A92,0,1,48,1,9,4308,1,1,3,0,4,2,24,0,0,1,2,1,0,1,0
12,2,A92,0,1,12,1,3,1567,1,1,1,0,1,3,22,0,1,1,2,1,1,1,1
13,1,A93,1,0,24,3,1,1199,1,2,4,0,4,3,60,0,1,2,1,1,0,1,0
14,1,A92,0,1,15,1,1,1403,1,1,2,0,4,3,28,0,0,1,2,1,0,1,1
15,1,A92,0,1,24,1,3,1282,1,1,4,0,2,3,32,0,1,1,1,1,0,1,0
16,0,A93,1,0,24,3,3,2424,3,2,4,0,4,2,53,0,1,2,2,1,0,1,1
17,1,A93,1,0,30,1,9,8072,3,1,2,0,3,3,25,2,1,3,2,1,0,1,1
18,2,A92,0,1,24,1,1,12579,1,2,4,0,2,0,44,0,2,1,3,1,1,1,0
19,0,A93,1,0,24,1,3,3430,2,2,3,0,2,3,31,0,1,1,2,2,1,1,1
20,0,A93,1,0,9,3,1,2134,1,1,4,0,4,3,48,0,1,3,2,1,1,1,1
21,1,A93,1,0,6,1,3,2647,2,1,2,0,3,1,44,0,0,1,2,2,0,1,1
22,1,A93,1,0,10,3,1,2241,1,1,1,0,3,1,48,0,0,2,1,2,0,0,1
23,2,A93,1,0,12,3,1,1804,1,1,3,0,4,2,44,0,1,1,2,1,0,1,1
24,0,A94,1,1,10,3,2,2069,3,1,2,0,1,3,26,0,1,2,2,1,0,0,1
25,1,A93,1,0,6,1,2,1374,1,1,1,0,2,1,36,2,1,1,1,1,1,1,1
26,0,A94,1,1,6,1,3,426,1,2,4,0,4,3,39,0,1,1,1,1,0,1,1
27,3,A92,0,1,12,1,3,409,2,1,3,0,3,1,42,0,0,2,2,1,0,1,1
28,2,A93,1,0,7,1,3,2415,1,1,3,2,2,1,34,0,1,1,2,1,0,1,1
29,1,A93,1,0,60,2,9,6836,1,2,3,0,4,0,63,0,1,2,2,1,1,1,0
30,2,A94,1,1,18,1,9,1913,2,1,3,0,3,1,36,2,1,1,2,1,1,1,1
31,1,A93,1,0,24,1,2,4020,1,1,2,0,2,3,27,1,1,1,2,1,0,1,1
32,2,A93,1,0,18,1,1,5866,1,1,2,0,2,3,30,0,1,2,2,1,1,1,1
33,0,A93,1,0,12,3,9,1264,3,2,4,0,4,0,57,0,0,1,1,1,0,1,1
34,3,A92,0,1,12,1,2,1474,1,1,4,0,1,2,33,2,1,1,3,1,1,1,1
35,2,A93,1,0,45,3,3,4746,1,1,4,0,2,2,25,0,1,2,1,1,0,1,0
36,0,A93,1,0,48,3,6,6110,1,1,1,0,3,0,31,2,2,1,2,1,1,1,1
37,3,A93,1,0,18,1,3,2100,1,1,4,1,2,1,37,1,1,1,2,1,0,1,0
38,3,A93,1,0,10,1,4,1225,1,1,2,0,2,3,37,0,1,1,2,1,1,1,1
39,2,A93,1,0,9,1,3,458,1,1,4,0,3,1,24,0,1,1,2,1,0,1,1
40,0,A93,1,0,30,1,3,2333,2,2,4,0,2,3,30,2,1,1,3,1,0,1,1
41,2,A91,1,1,12,1,3,1158,2,1,3,0,1,3,26,0,1,1,2,1,1,1,1
42,2,A93,1,0,18,2,5,6204,1,1,2,0,4,1,44,0,1,1,1,2,1,1,1
43,1,A94,1,1,30,3,1,6187,1,2,1,0,4,3,24,0,0,2,2,1,0,1,1
44,1,A92,0,1,48,3,1,6143,1,2,4,0,4,0,58,1,2,2,1,1,0,1,0
45,0,A92,0,1,11,3,1,1393,1,1,4,0,4,3,35,0,1,2,3,1,0,1,1
46,0,A93,1,0,36,1,3,2299,2,2,4,0,4,3,39,0,1,1,2,1,0,1,1
47,1,A92,0,1,6,1,1,1352,2,3,1,0,2,2,23,0,0,1,0,1,1,1,1
48,0,A93,1,0,11,3,1,7228,1,1,1,0,4,2,39,0,1,2,1,1,0,1,1
49,0,A92,0,1,12,1,3,2073,1,1,4,1,2,1,28,0,1,1,2,1,0,1,1
50,2,A93,1,0,24,2,2,2333,3,1,4,0,2,2,29,2,1,1,1,1,0,1,1
51,2,A93,1,0,27,2,1,5965,1,2,1,0,2,3,30,0,1,2,3,1,1,1,1
52,0,A93,1,0,12,1,3,1262,1,1,3,0,2,3,25,0,1,1,2,1,0,1,1
53,0,A93,1,0,18,1,1,3378,3,1,2,0,1,2,31,0,1,1,2,1,1,1,1
54,2,A93,1,0,36,2,1,2225,1,2,4,0,4,0,57,2,2,2,2,1,1,1,0
55,0,A93,1,0,6,1,1,783,3,1,1,2,2,1,26,1,1,1,1,2,0,1,1
56,2,A93,1,0,12,1,3,6468,3,3,2,0,1,0,52,0,1,1,3,1,1,1,0
57,0,A92,0,1,36,3,3,9566,1,1,2,0,2,3,31,1,1,2,2,1,0,1,1
58,3,A92,0,1,18,1,1,1961,1,2,3,0,2,3,23,0,1,1,3,1,0,1,1
59,1,A92,0,1,36,3,2,6229,1,1,4,1,4,0,23,0,0,2,1,1,1,1,0
60,2,A94,1,1,9,1,9,1391,1,1,2,0,1,1,27,2,1,1,2,1,1,1,1
61,2,A93,1,0,15,3,3,1537,3,2,4,2,4,1,50,0,1,2,2,1,1,1,1
62,2,A93,1,0,36,1,9,1953,1,2,4,0,4,0,61,0,2,1,3,1,1,1,0
63,2,A93,1,0,48,1,9,14421,1,1,2,0,2,3,25,0,1,1,2,1,1,1,0
64,0,A92,0,1,24,1,3,3181,1,1,4,0,4,2,26,0,1,1,2,1,1,1,1
65,0,A93,1,0,27,1,5,5190,3,2,4,0,4,2,48,0,1,4,2,2,1,1,1
66,0,A92,0,1,12,1,3,2171,1,1,2,0,2,3,29,2,1,1,2,1,0,1,1
67,2,A94,1,1,12,1,1,1007,2,1,4,0,1,1,22,0,1,1,2,1,0,1,1
68,0,A93,1,0,36,1,6,1819,1,1,4,0,4,0,37,1,2,1,2,1,1,1,0
69,0,A92,0,1,36,1,3,2394,3,1,4,0,4,3,25,0,1,1,2,1,0,1,1
70,0,A92,0,1,36,1,1,8133,1,1,1,0,2,2,30,2,1,1,2,1,0,1,1
71,0,A93,1,0,7,3,3,730,3,2,4,0,2,2,46,0,0,2,1,1,1,1,1
72,1,A93,1,0,8,3,0,1164,1,2,3,0,4,0,51,2,2,2,3,2,1,1,1
73,2,A92,0,1,42,3,9,5954,1,2,2,0,1,1,41,2,1,2,1,1,0,1,1
74,1,A93,1,0,36,1,6,1977,3,2,4,0,4,0,40,0,1,1,3,1,1,1,0
75,1,A93,1,0,12,3,1,1526,1,2,4,0,4,0,66,0,2,2,3,1,0,1,1
76,1,A93,1,0,42,1,3,3965,1,1,4,0,3,3,34,0,1,1,2,1,0,1,0
77,2,A93,1,0,11,2,3,4771,1,2,2,0,4,2,51,0,1,1,2,1,0,1,1
78,0,A93,1,0,54,1,1,9436,3,1,2,0,2,2,39,0,1,1,1,2,0,1,1
79,2,A94,1,1,30,1,2,3832,1,1,2,0,1,2,22,0,1,1,2,1,0,1,1
80,0,A92,0,1,24,1,3,5943,3,1,1,0,1,3,44,0,1,2,2,1,1,1,0
81,0,A93,1,0,15,1,3,1213,2,2,4,0,3,2,47,1,1,1,2,1,1,1,1
82,0,A92,0,1,18,1,9,1568,1,1,3,0,4,2,24,0,0,1,1,1,0,1,1
83,1,A92,0,1,24,1,0,1755,1,2,4,2,4,1,58,0,1,1,1,1,1,1,1
84,1,A93,1,0,10,1,3,2315,1,2,3,0,4,1,52,0,1,1,1,1,0,1,1
85,0,A92,0,1,12,3,9,1412,1,1,4,2,2,1,29,0,1,2,3,1,1,1,1
86,2,A92,0,1,18,3,2,1295,1,1,4,0,1,2,27,0,1,2,2,1,0,1,1
87,2,A93,1,0,36,1,6,12612,1,1,1,0,4,0,47,0,2,1,2,2,1,1,0
88,1,A93,1,0,18,1,1,2249,1,2,4,0,3,3,30,0,1,1,3,2,1,1,1
89,1,A93,1,0,12,1,5,1108,1,2,4,0,3,1,28,0,1,2,2,1,0,1,0
90,0,A93,1,0,12,3,3,618,1,2,4,0,4,1,56,0,1,1,2,1,0,1,1
91,1,A93,1,0,12,3,1,1409,1,2,4,0,3,1,54,0,1,1,2,1,0,1,1
92,0,A92,0,1,12,3,3,797,3,2,4,0,3,2,33,2,1,1,1,2,0,1,0
93,3,A93,1,0,24,3,2,3617,3,2,4,1,4,0,20,0,0,2,2,1,0,1,1
94,2,A93,1,0,12,1,1,1318,2,2,4,0,4,1,54,0,1,1,2,1,1,1,1
95,2,A93,1,0,54,1,9,15945,1,1,3,0,4,0,58,0,0,1,2,1,1,1,0
96,0,A92,0,1,12,3,6,2012,3,2,4,0,2,3,61,0,1,1,2,1,0,1,1
97,2,A93,1,0,18,1,9,2622,1,1,4,0,4,3,34,0,1,1,2,1,0,1,1
98,2,A93,1,0,36,3,3,2337,1,2,4,0,4,1,36,0,1,1,2,1,0,1,1
99,2,A93,1,0,20,2,1,7057,3,2,3,0,4,2,36,2,0,2,3,2,1,1,1
100,0,A94,1,1,24,1,1,1469,1,2,4,0,4,1,41,0,0,1,1,1,0,1,1
101,2,A93,1,0,36,1,3,2323,1,2,4,0,4,3,24,0,0,1,2,1,0,1,1
102,0,A92,0,1,6,2,3,932,1,1,3,0,2,1,24,0,1,1,2,1,0,1,1
103,2,A93,1,0,9,3,2,1919,1,2,4,0,3,3,35,0,0,1,2,1,1,1,1
104,0,A94,1,1,12,1,1,2445,3,1,2,0,4,3,26,0,0,1,2,1,1,1,1
105,2,A93,1,0,24,3,0,11938,1,1,2,1,3,3,39,0,1,2,3,2,1,1,0
106,0,A93,1,0,18,1,1,6458,1,2,2,0,4,0,39,2,1,2,3,2,1,1,0
107,2,A93,1,0,12,1,1,6078,1,2,2,0,2,3,32,0,1,1,2,1,0,1,1
108,1,A92,0,1,24,1,2,7721,3,1,1,0,2,2,30,0,1,1,2,1,1,0,1
109,2,A94,1,1,14,1,9,1410,2,2,1,0,2,1,35,0,1,1,2,1,1,1,1
110,2,A91,1,1,6,2,9,1449,1,2,1,0,2,3,31,2,1,2,2,2,0,1,1
111,3,A92,0,1,15,1,6,392,1,1,4,0,4,2,23,0,0,1,2,1,1,1,1
112,2,A93,1,0,18,1,1,6260,1,2,3,0,3,1,28,0,0,1,1,1,0,1,1
113,0,A92,0,1,36,3,1,7855,1,1,4,0,2,1,25,1,1,2,2,1,1,1,0
114,1,A94,1,1,12,1,3,1680,2,2,3,0,1,1,35,0,1,1,2,1,0,1,1
115,0,A93,1,0,48,3,3,3578,3,2,4,0,1,1,47,0,1,1,2,1,1,1,1
116,1,A92,0,1,42,1,3,7174,3,2,4,0,3,3,30,0,1,1,3,1,1,1,0
117,1,A92,0,1,10,3,2,2132,3,1,2,1,3,1,27,0,0,2,2,1,0,0,1
118,1,A92,0,1,33,3,2,4281,2,1,1,0,4,3,23,0,1,2,2,1,0,1,0
119,2,A91,1,1,12,3,1,2366,2,2,3,0,3,3,36,0,1,1,3,1,1,1,1
120,1,A92,0,1,21,1,3,1835,1,1,3,0,2,1,25,0,1,2,2,1,1,1,0
121,0,A92,0,1,24,3,1,3868,1,2,4,0,2,3,41,0,0,2,3,1,1,1,1
122,0,A93,1,0,12,1,2,1768,1,1,3,0,2,1,24,0,0,1,1,1,0,1,1
123,3,A93,1,0,10,3,1,781,1,2,4,0,4,0,63,0,2,2,2,1,1,1,1
124,2,A92,0,1,18,1,2,1924,3,1,4,0,3,1,27,0,0,1,2,1,0,1,0
125,1,A93,1,0,12,3,1,2121,1,1,4,0,2,2,30,0,1,2,2,1,0,1,1
126,1,A94,1,1,12,1,3,701,1,1,4,0,2,1,40,0,1,1,1,1,0,1,1
127,2,A93,1,0,12,1,5,639,1,1,4,0,2,3,30,0,1,1,2,1,0,1,0
128,2,A93,1,0,12,3,1,1860,1,3,4,0,2,3,34,0,1,2,3,1,1,1,1
129,1,A92,0,1,12,3,1,3499,1,1,3,1,2,1,29,0,1,2,2,1,0,1,0
130,2,A92,0,1,48,1,1,8487,3,2,1,0,2,3,24,0,1,1,2,1,0,1,1
131,1,A93,1,0,36,2,6,6887,1,1,4,0,3,2,29,1,1,1,2,1,1,1,0
132,0,A93,1,0,15,1,2,2708,1,1,2,0,3,2,27,2,1,2,1,1,0,1,1
133,0,A93,1,0,18,1,2,1984,1,1,4,0,4,0,47,2,2,2,2,1,0,1,1
134,0,A92,0,1,60,1,3,10144,1,2,2,0,4,1,21,0,1,1,2,1,1,1,1
135,0,A92,0,1,12,3,3,1240,3,2,4,0,2,1,38,0,1,2,2,1,1,1,1
136,0,A93,1,0,27,2,1,8613,2,1,2,0,2,3,27,0,1,2,2,1,0,1,1
137,2,A93,1,0,12,1,3,766,2,1,4,0,3,1,66,0,1,1,1,1,0,1,0
138,2,A93,1,0,15,3,3,2728,3,2,4,2,2,1,35,2,1,3,2,1,1,1,1
139,3,A92,0,1,12,1,3,1881,1,1,2,0,2,3,44,0,0,1,1,1,1,1,1
140,3,A94,1,1,6,1,1,709,2,1,2,0,2,1,27,0,1,1,0,1,0,0,1
141,2,A92,0,1,36,1,3,4795,1,1,4,0,1,0,30,0,1,1,3,1,1,1,1
142,1,A93,1,0,27,1,3,3416,1,1,3,0,2,3,27,0,1,1,3,1,0,1,1
143,1,A93,1,0,18,1,2,2462,1,1,2,0,2,3,22,0,1,1,2,1,0,1,0
144,0,A92,0,1,21,3,2,2288,1,1,4,0,4,2,23,0,1,1,2,1,1,1,1
145,2,A93,1,0,48,1,9,3566,1,2,4,0,2,3,30,0,1,1,2,1,0,1,1
146,1,A92,0,1,6,3,1,860,1,2,1,0,4,0,39,0,1,2,2,1,1,1,1
147,0,A92,0,1,12,3,1,682,1,2,4,0,3,3,51,0,1,2,2,1,1,1,1
148,1,A93,1,0,36,3,2,5371,1,1,3,2,2,2,28,0,1,2,2,1,0,1,1
149,0,A93,1,0,18,3,3,1582,2,2,4,0,4,3,46,0,1,2,2,1,0,1,1
150,0,A93,1,0,6,1,3,1346,1,2,2,0,4,0,42,2,2,1,2,2,1,1,1
151,0,A93,1,0,10,1,3,1924,1,1,1,0,4,2,38,0,1,1,2,1,1,0,1
152,3,A93,1,0,36,1,3,5848,1,1,4,0,1,3,24,0,1,1,2,1,0,1,1
153,2,A92,0,1,24,3,1,7758,2,2,2,0,4,0,29,0,0,1,2,1,0,1,1
154,2,A93,1,0,24,2,9,6967,1,2,4,0,4,3,36,0,0,1,3,1,1,1,1
155,1,A92,0,1,12,1,2,1282,1,1,2,0,4,3,20,0,0,1,2,1,0,1,0
156,1,A93,1,0,9,3,5,1288,1,2,3,2,4,1,48,0,1,2,2,2,0,0,1
157,1,A94,1,1,12,1,8,339,1,2,4,0,1,3,45,2,1,1,1,1,0,1,1
158,2,A93,1,0,24,1,1,3512,1,2,2,0,3,3,38,2,1,2,2,1,1,1,1
159,0,A93,1,0,6,3,3,1898,3,1,1,0,2,1,34,0,1,2,1,2,0,1,1
160,0,A93,1,0,24,3,3,2872,1,2,3,0,4,1,36,0,1,1,2,2,1,1,1
161,0,A92,0,1,18,3,1,1055,1,1,4,0,1,2,30,0,1,2,2,1,0,1,1
162,0,A93,1,0,15,1,4,1262,2,2,4,0,3,2,36,0,1,2,2,1,1,1,1
163,2,A93,1,0,10,1,1,7308,1,3,2,0,4,0,70,2,2,1,3,1,1,1,1
164,0,A93,1,0,36,1,1,909,2,2,4,0,4,2,36,0,1,1,2,1,0,1,1
165,0,A93,1,0,6,1,2,2978,2,1,1,0,2,3,32,0,1,1,2,1,1,1,1
166,1,A92,0,1,18,1,2,1131,1,3,4,0,2,3,33,0,1,1,2,1,0,1,0
167,2,A92,0,1,11,1,2,1577,2,1,4,0,1,1,20,0,1,1,2,1,0,1,1
168,0,A92,0,1,24,1,2,3972,1,2,2,0,4,2,25,0,0,1,2,1,1,1,1
169,2,A91,1,1,24,3,9,1935,1,2,4,0,4,1,31,0,1,2,2,1,1,1,0
170,1,A93,1,0,15,1,1,950,1,2,4,0,3,3,33,0,0,2,2,2,0,1,0
171,0,A92,0,1,12,1,2,763,1,1,4,0,1,1,26,0,1,1,2,1,1,1,1
172,2,A92,0,1,24,2,2,2064,1,3,3,0,2,2,34,0,1,1,3,1,1,1,0
173,2,A93,1,0,8,1,3,1414,1,1,4,2,2,1,33,0,1,1,2,1,0,0,1
174,1,A93,1,0,21,2,6,3414,1,1,2,0,1,2,26,0,1,2,2,1,0,1,0
175,0,A92,0,1,30,1,1,7485,3,3,4,0,1,1,53,2,1,1,3,1,1,1,0
176,1,A91,1,1,12,1,2,2577,1,1,2,0,1,3,42,0,1,1,2,1,0,1,1
177,1,A93,1,0,6,3,3,338,2,2,4,0,4,3,52,0,1,2,2,1,0,1,1
178,0,A93,1,0,12,1,3,1963,1,2,4,0,2,3,31,0,0,2,3,2,1,1,1
179,1,A93,1,0,21,3,1,571,1,2,4,0,4,1,65,0,1,2,2,1,0,1,1
180,0,A91,1,1,36,2,9,9572,1,1,1,0,1,3,28,0,1,2,2,1,0,1,0
181,2,A91,1,1,36,2,9,4455,1,1,2,0,2,1,30,1,1,2,3,1,1,1,0
182,1,A93,1,0,21,1,1,1647,3,1,4,0,2,2,40,0,1,2,1,2,0,1,0
183,0,A93,1,0,24,3,2,3777,2,1,4,0,4,1,50,0,1,1,2,1,1,1,1
184,2,A93,1,0,18,3,1,884,1,2,4,0,4,3,36,2,1,1,2,2,1,1,0
185,0,A93,1,0,15,3,3,1360,1,1,4,0,2,2,31,0,1,2,2,1,0,1,1
186,2,A92,0,1,9,1,1,5129,1,2,2,0,4,0,74,2,2,1,3,2,1,1,0
187,2,A93,1,0,16,3,1,1175,1,3,2,0,3,3,68,0,2,3,0,1,1,1,1
188,1,A94,1,1,12,1,3,674,1,2,4,0,1,2,20,0,1,1,2,1,0,1,0
189,2,A92,0,1,18,1,2,3244,1,1,1,0,4,3,33,2,1,2,2,1,1,1,1
190,0,A93,1,0,24,1,9,4591,2,1,2,0,3,2,54,0,1,3,3,1,1,1,0
191,2,A93,1,0,48,1,9,3844,1,2,4,0,4,0,34,0,2,1,1,2,0,1,0
192,2,A93,1,0,27,1,9,3915,1,1,4,0,2,3,36,0,1,1,2,2,1,1,0
193,0,A94,1,1,6,1,3,2108,1,2,2,0,2,1,29,0,0,1,2,1,0,1,1
194,2,A93,1,0,45,1,3,3031,1,1,4,2,4,2,21,0,0,1,2,1,0,1,0
195,2,A92,0,1,9,3,6,1501,1,2,2,0,3,3,34,0,1,2,3,1,1,1,0
196,0,A92,0,1,6,3,3,1382,1,1,1,0,1,3,28,0,1,2,2,1,1,1,1
197,2,A92,0,1,12,1,2,951,1,1,4,0,4,3,27,2,0,4,2,1,0,1,0
198,2,A93,1,0,24,1,1,2760,3,2,4,0,4,0,36,2,2,1,2,1,1,1,1
199,2,A91,1,1,18,2,2,4297,1,2,4,0,3,0,40,0,1,1,3,1,1,1,0
200,0,A93,1,0,9,3,6,936,2,2,4,0,2,3,52,0,1,2,2,1,1,1,1
201,1,A94,1,1,12,1,1,1168,1,1,4,0,3,1,27,0,1,1,1,1,0,1,1
202,0,A93,1,0,27,2,9,5117,1,2,3,0,4,3,26,0,1,2,2,1,0,1,1
203,1,A94,1,1,12,1,8,902,1,2,4,0,4,2,21,0,0,1,2,1,0,1,0
204,0,A93,1,0,12,3,1,1495,1,2,4,0,1,1,38,0,1,2,1,2,0,1,1
205,1,A93,1,0,30,3,1,10623,1,2,3,0,4,0,38,0,2,3,3,2,1,1,1
206,0,A93,1,0,12,3,2,1935,1,2,4,0,4,1,43,0,1,3,2,1,1,1,1
207,2,A93,1,0,12,3,4,1424,1,2,4,0,3,2,26,0,1,1,2,1,0,1,1
208,1,A94,1,1,24,1,9,6568,1,1,2,0,2,3,21,1,1,1,1,1,0,1,1
209,0,A93,1,0,12,1,1,1413,2,2,3,0,2,2,55,0,1,1,2,1,0,0,1
210,0,A93,1,0,9,3,3,3074,3,1,1,0,2,1,33,0,1,2,2,2,0,1,1
211,0,A92,0,1,36,1,3,3835,3,2,2,0,4,1,45,0,1,1,1,1,1,1,1
212,1,A93,1,0,27,1,9,5293,1,3,2,0,4,2,50,1,1,2,2,1,1,1,0
213,3,A93,1,0,30,2,9,1908,1,2,4,0,4,1,66,0,1,1,3,1,1,1,0
214,0,A93,1,0,36,3,3,3342,3,2,4,0,2,3,51,0,1,1,2,1,1,1,1
215,2,A92,0,1,6,3,8,932,3,2,1,0,3,2,39,0,1,2,1,1,0,1,1
216,1,A93,1,0,18,1,9,3104,1,2,3,0,1,2,31,2,1,1,2,1,1,1,1
217,3,A93,1,0,36,1,3,3913,1,1,2,0,2,1,23,0,1,1,2,1,1,1,1
218,1,A91,1,1,24,1,2,3021,1,1,2,0,2,1,24,0,0,1,1,1,0,1,1
219,0,A92,0,1,10,1,1,1364,1,1,2,0,4,3,64,0,1,1,2,1,1,1,1
220,2,A94,1,1,12,1,3,625,1,1,4,2,1,1,26,2,1,1,1,1,0,1,1
221,1,A92,0,1,12,1,6,1200,3,1,4,0,4,2,23,2,0,1,2,1,1,1,1
222,0,A93,1,0,12,1,3,707,1,1,4,0,2,1,30,2,1,2,2,1,0,1,1
223,0,A93,1,0,24,2,9,2978,3,1,4,0,4,1,32,0,1,2,2,2,1,1,1
224,0,A93,1,0,15,1,1,4657,1,1,3,0,2,3,30,0,1,1,2,1,1,1,1
225,0,A93,1,0,36,1,5,2613,1,1,4,0,2,3,27,0,1,2,2,1,0,1,1
226,2,A93,1,0,48,1,3,10961,2,2,1,1,2,0,27,2,1,2,2,1,1,1,0
227,1,A93,1,0,12,1,2,7865,1,2,4,0,4,0,53,0,2,1,3,1,1,1,0
228,0,A93,1,0,9,1,3,1478,1,2,4,0,2,3,22,0,1,1,2,1,0,1,0
229,1,A93,1,0,24,1,2,3149,1,1,4,0,1,0,22,2,2,1,2,1,0,1,1
230,3,A93,1,0,36,1,3,4210,1,1,4,0,2,3,26,0,1,1,2,1,0,1,0
231,0,A93,1,0,9,1,1,2507,2,2,2,0,4,0,51,0,2,1,1,1,0,1,1
232,0,A93,1,0,12,1,3,2141,1,2,3,0,1,0,35,0,1,1,2,1,0,1,1
233,2,A94,1,1,18,1,3,866,1,1,4,2,2,1,25,0,1,1,1,1,0,1,1
234,0,A93,1,0,4,3,3,1544,1,2,2,0,1,1,42,0,1,3,1,2,0,1,1
235,1,A93,1,0,24,1,3,1823,1,3,4,0,2,3,30,1,1,1,3,2,0,1,0
236,2,A93,1,0,6,1,1,14555,3,3,1,0,2,2,23,0,1,1,0,1,1,1,0
237,2,A91,1,1,21,1,9,2767,1,2,4,0,2,3,61,2,0,2,1,1,0,1,0
238,0,A92,0,1,12,3,3,1291,1,1,4,0,2,2,35,0,1,2,2,1,0,1,1
239,1,A93,1,0,30,1,3,2522,1,2,1,2,3,2,39,0,1,1,2,2,0,1,1
240,1,A92,0,1,24,1,1,915,3,2,4,0,2,3,29,2,1,1,2,1,0,1,0
241,0,A93,1,0,6,1,3,1595,1,2,3,0,2,2,51,0,1,1,2,2,0,1,1
242,1,A93,1,0,48,1,1,4605,1,2,3,0,4,0,24,0,2,2,2,2,0,1,0
243,0,A92,0,1,12,3,9,1185,1,1,3,0,2,1,27,0,1,2,2,1,0,1,1
244,0,A92,0,1,12,1,8,3447,2,1,4,0,3,1,35,0,1,1,1,2,0,1,1
245,0,A93,1,0,24,1,9,1258,1,2,4,0,1,1,25,0,1,1,2,1,1,1,1
246,0,A93,1,0,12,3,3,717,1,2,4,0,4,1,52,0,1,3,2,1,0,1,1
247,0,A93,1,0,6,1,1,1204,1,1,4,0,1,0,35,2,0,1,2,1,0,0,1
248,3,A93,1,0,24,1,2,1925,1,1,2,0,2,1,26,0,1,1,2,1,0,1,1
249,0,A92,0,1,18,1,3,433,1,3,3,1,4,1,22,0,0,1,2,1,0,1,0
250,1,A92,0,1,6,3,1,666,2,2,3,0,4,1,39,0,1,2,1,1,1,1,1
251,3,A92,0,1,12,1,2,2251,1,1,1,0,2,3,46,0,1,1,1,1,0,1,1
252,2,A92,0,1,30,1,1,2150,1,1,4,2,2,0,24,2,1,1,2,1,0,1,0
253,0,A93,1,0,24,2,2,4151,1,1,2,0,3,2,35,0,1,2,2,1,0,1,1
254,2,A93,1,0,9,1,2,2030,3,2,2,0,1,3,24,0,1,1,2,1,1,1,1
255,2,A93,1,0,60,2,3,7418,3,1,1,0,1,1,27,0,1,1,1,1,0,1,1
256,0,A93,1,0,24,3,3,2684,1,1,4,0,2,1,35,0,1,2,1,1,0,1,1
257,1,A91,1,1,12,1,3,2149,1,1,4,0,1,0,29,0,2,1,2,1,0,1,0
258,0,A92,0,1,15,1,1,3812,1,1,1,0,4,3,23,0,1,1,2,1,1,1,1
259,0,A92,0,1,11,3,3,1154,1,3,4,0,4,1,57,0,1,3,1,1,0,1,1
260,1,A93,1,0,12,1,2,1657,1,1,2,0,2,1,27,0,1,1,2,1,0,1,1
261,1,A92,0,1,24,1,3,1603,1,2,4,0,4,3,55,0,1,1,2,1,0,1,1
262,1,A93,1,0,18,3,1,5302,1,2,2,0,4,0,36,0,2,3,3,1,1,1,1
263,0,A92,0,1,12,3,6,2748,1,2,2,0,4,0,57,2,2,3,1,1,0,1,1
264,0,A93,1,0,10,3,1,1231,1,2,3,0,4,1,32,0,1,2,1,2,0,0,1
265,2,A93,1,0,15,1,3,802,1,2,4,0,3,3,37,0,1,1,2,2,0,1,0
266,0,A93,1,0,36,3,9,6304,3,2,4,0,4,1,36,0,1,2,2,1,0,1,1
267,0,A92,0,1,24,1,3,1533,1,1,4,0,3,3,38,1,1,1,2,1,1,1,1
268,1,A91,1,1,14,1,1,8978,1,2,1,0,4,2,45,0,1,1,3,1,1,0,0
269,0,A93,1,0,24,1,3,999,3,2,4,0,2,3,25,0,1,2,2,1,0,1,1
270,0,A93,1,0,18,1,1,2662,3,2,4,0,3,2,32,0,1,1,2,1,0,0,1
271,0,A92,0,1,12,3,2,1402,2,2,3,0,4,3,37,0,0,1,2,1,1,1,1
272,2,A93,1,0,48,1,1,12169,3,3,4,1,4,0,36,0,2,1,3,1,1,1,1
273,2,A93,1,0,48,1,3,3060,1,2,4,0,4,1,28,0,1,2,2,1,0,1,0
274,1,A91,1,1,30,1,5,11998,1,1,1,0,1,0,34,0,1,1,1,1,1,1,0
275,0,A93,1,0,9,1,3,2697,1,1,1,0,2,1,32,0,1,1,2,2,0,1,1
276,0,A92,0,1,18,3,3,2404,1,1,2,0,2,3,26,0,1,2,2,1,0,1,1
277,1,A91,1,1,12,1,2,1262,3,2,2,0,4,2,49,0,1,1,1,1,1,1,1
278,0,A92,0,1,6,1,2,4611,1,1,1,0,4,2,32,0,1,1,2,1,0,1,0
279,0,A93,1,0,24,1,3,1901,1,1,4,0,4,3,29,0,0,1,3,1,1,1,1
280,0,A93,1,0,15,3,1,3368,2,2,3,0,4,0,23,0,0,2,2,1,1,1,1
281,0,A93,1,0,12,1,2,1574,1,1,4,0,2,1,50,0,1,1,2,1,0,1,1
282,3,A93,1,0,18,1,3,1445,3,2,4,0,4,3,49,2,1,1,1,1,0,1,1
283,0,A93,1,0,15,3,2,1520,3,2,4,0,4,2,63,0,1,1,2,1,0,1,1
284,2,A91,1,1,24,3,1,3878,1,1,4,0,2,3,37,0,1,1,2,1,1,1,1
285,1,A92,0,1,47,1,1,10722,1,1,1,0,1,1,35,0,1,1,1,1,1,1,1
286,1,A93,1,0,48,1,1,4788,1,2,4,0,3,2,26,0,1,1,2,2,0,1,1
287,2,A93,1,0,48,2,0,7582,1,3,2,0,4,0,31,0,2,1,3,1,1,1,1
288,2,A92,0,1,12,1,3,1092,1,1,4,2,4,1,49,0,1,2,2,1,1,1,1
289,1,A94,1,1,24,2,3,1024,1,1,4,0,4,1,48,1,1,1,2,1,0,1,0
290,0,A94,1,1,12,1,9,1076,1,1,2,0,2,1,26,0,1,1,2,1,1,0,1
291,2,A94,1,1,36,1,1,9398,1,1,1,0,4,3,28,0,0,1,3,1,1,1,0
292,1,A92,0,1,24,3,1,6419,1,2,2,0,4,0,44,0,2,2,3,2,1,1,1
293,3,A93,1,0,42,3,1,4796,1,2,4,0,4,0,56,0,2,1,2,1,0,1,1
294,0,A91,1,1,48,3,9,7629,3,2,4,0,2,3,46,2,1,2,3,2,0,1,1
295,2,A92,0,1,48,1,2,9960,1,1,1,0,2,3,26,0,1,1,2,1,1,1,0
296,0,A92,0,1,12,1,1,4675,3,1,1,0,4,3,20,0,0,1,2,1,0,1,1
297,0,A93,1,0,10,1,1,1287,3,2,4,1,2,2,45,0,1,1,1,1,0,0,1
298,0,A93,1,0,18,1,2,2515,1,1,3,0,4,1,43,0,1,1,2,1,1,1,1
299,2,A93,1,0,21,3,2,2745,2,2,3,0,2,3,32,0,1,2,2,1,1,1,1
300,0,A92,0,1,6,1,1,672,1,3,1,0,4,1,54,0,1,1,0,1,1,1,1
301,2,A92,0,1,36,1,3,3804,1,1,4,0,1,3,42,0,1,1,2,1,1,1,0
302,3,A93,1,0,24,3,1,1344,3,2,4,0,2,1,37,2,1,2,1,2,0,1,0
303,1,A93,1,0,10,3,1,1038,1,2,4,1,3,2,49,0,1,2,2,1,1,1,1
304,0,A93,1,0,48,3,1,10127,2,1,2,0,2,0,44,2,2,1,2,1,0,1,0
305,0,A91,1,1,6,1,2,1543,2,1,4,0,2,1,33,0,1,1,2,1,0,1,1
306,0,A92,0,1,30,1,1,4811,3,2,2,0,4,2,24,1,0,1,1,1,0,1,1
307,1,A94,1,1,12,1,3,727,1,1,4,0,3,0,33,0,1,1,1,1,1,1,0
308,2,A92,0,1,8,1,2,1237,1,1,3,0,4,1,24,0,1,1,2,1,0,1,0
309,2,A94,1,1,9,1,1,276,1,1,4,0,4,1,22,0,0,1,1,1,0,1,1
310,2,A93,1,0,48,1,0,5381,3,3,3,0,4,0,40,2,2,1,0,1,1,1,1
311,0,A93,1,0,24,1,2,5511,1,1,4,0,1,3,25,1,1,1,2,1,0,1,1
312,3,A92,0,1,24,1,2,3749,1,1,2,0,4,3,26,0,1,1,2,1,0,1,1
313,2,A94,1,1,12,1,1,685,1,2,2,0,3,3,25,2,1,1,1,1,0,1,0
314,3,A93,1,0,4,1,1,1494,3,1,1,0,2,1,29,0,1,1,1,2,0,0,1
315,1,A93,1,0,36,1,2,2746,1,2,4,0,4,3,31,2,1,1,2,1,0,1,0
316,1,A93,1,0,12,1,2,708,1,1,2,2,3,2,38,0,1,1,1,2,0,1,1
317,2,A92,0,1,24,1,2,4351,3,1,1,0,4,2,48,0,1,1,1,1,1,1,1
318,0,A93,1,0,12,3,6,701,1,1,4,0,2,3,32,0,1,2,2,1,0,1,1
319,1,A92,0,1,15,2,2,3643,1,2,1,0,4,2,27,0,1,2,1,1,0,1,1
320,2,A94,1,1,30,3,1,4249,1,3,4,0,2,3,28,0,1,2,3,1,0,1,0
321,1,A91,1,1,24,1,3,1938,1,1,4,0,3,2,32,0,1,1,2,1,0,1,0
322,1,A93,1,0,24,1,1,2910,1,2,2,0,1,0,34,0,2,1,3,1,1,1,1
323,1,A93,1,0,18,1,2,2659,2,1,4,0,2,3,28,0,1,1,2,1,0,1,1
324,0,A92,0,1,18,3,1,1028,1,1,4,0,3,1,36,0,1,2,2,1,0,1,1
325,1,A93,1,0,8,3,1,3398,1,2,1,0,4,1,39,0,1,2,1,1,0,0,1
326,0,A93,1,0,12,3,2,5801,3,2,2,0,4,2,49,0,0,1,2,1,1,1,1
327,0,A92,0,1,24,1,1,1525,2,2,4,0,3,3,34,0,1,1,2,2,1,1,1
328,3,A93,1,0,36,1,3,4473,1,2,4,0,2,3,31,0,1,1,2,1,0,1,1
329,2,A93,1,0,6,1,3,1068,1,2,4,0,4,3,28,0,1,1,2,2,0,1,1
330,1,A93,1,0,24,3,1,6615,1,3,2,0,4,0,75,0,2,2,3,1,1,1,1
331,0,A92,0,1,18,3,6,1864,1,1,4,0,2,1,30,0,1,2,2,1,0,1,0
332,2,A92,0,1,60,1,1,7408,1,1,4,0,2,2,24,0,1,1,3,1,0,1,0
333,0,A92,0,1,48,3,1,11590,1,1,2,0,4,3,24,2,0,2,1,1,0,1,0
334,1,A93,1,0,24,1,2,4110,1,2,3,0,4,0,23,2,0,2,2,2,0,1,0
335,1,A91,1,1,6,3,2,3384,1,1,1,0,4,1,44,0,0,1,3,1,1,1,0
336,2,A92,0,1,13,1,3,2101,1,1,2,2,4,2,23,0,1,1,1,1,0,1,1
337,1,A92,0,1,15,1,4,1275,3,1,4,0,2,3,24,0,0,1,2,1,0,1,0
338,1,A93,1,0,24,1,2,4169,1,1,4,0,4,2,28,0,1,1,2,1,0,1,1
339,2,A91,1,1,10,1,2,1521,1,1,4,0,2,3,31,0,1,1,1,1,0,1,1
340,2,A92,0,1,24,3,6,5743,1,1,2,0,4,0,24,0,2,2,2,1,1,1,1
341,1,A92,0,1,21,1,2,3599,1,2,1,0,4,3,26,0,0,1,1,1,0,1,1
342,2,A94,1,1,18,1,3,3213,2,1,1,0,3,1,25,0,0,1,2,1,0,1,1
343,2,A93,1,0,18,1,9,4439,1,2,1,1,1,1,33,2,1,1,3,1,1,1,1
344,3,A93,1,0,10,1,1,3949,1,1,1,2,1,2,37,0,1,1,1,2,0,1,1
345,0,A92,0,1,15,3,3,1459,1,1,4,0,2,3,43,0,1,1,1,1,0,1,1
346,2,A93,1,0,13,3,3,882,1,1,4,2,4,1,23,0,1,2,2,1,0,1,1
347,2,A92,0,1,24,1,3,3758,2,3,1,0,4,0,23,0,0,1,0,1,0,1,1
348,0,A93,1,0,6,2,9,1743,1,1,1,0,2,1,34,0,1,2,1,1,0,1,1
349,2,A93,1,0,9,3,6,1136,2,2,4,0,3,0,32,0,2,2,2,2,0,1,0
350,0,A92,0,1,9,1,4,1236,1,1,1,0,4,1,23,0,0,1,2,1,1,1,1
351,2,A92,0,1,9,1,2,959,1,1,1,0,2,3,29,0,1,1,2,1,0,0,0
352,0,A93,1,0,18,3,1,3229,3,3,2,0,4,0,38,0,1,1,3,1,1,1,1
353,1,A93,1,0,12,1,3,6199,1,1,4,0,2,2,28,0,0,2,2,1,1,1,0
354,0,A93,1,0,10,1,6,727,2,2,4,0,4,0,46,0,2,1,2,1,1,1,1
355,2,A93,1,0,24,1,1,1246,1,1,4,0,2,1,23,1,1,1,1,1,0,1,0
356,0,A93,1,0,12,3,3,2331,3,2,1,1,4,1,49,0,1,1,2,1,1,1,1
357,0,A93,1,0,36,2,3,4463,1,1,4,0,2,3,26,0,1,2,3,1,1,1,0
358,0,A94,1,1,12,1,3,776,1,1,4,0,2,1,28,0,1,1,2,1,0,1,1
359,1,A92,0,1,30,1,2,2406,1,2,4,0,4,1,23,0,0,1,2,1,0,1,0
360,2,A93,1,0,18,1,6,1239,3,1,4,0,4,0,61,0,2,1,2,1,0,1,1
361,3,A93,1,0,12,1,3,3399,3,2,2,0,3,3,37,0,1,1,3,1,0,1,1
362,3,A92,0,1,12,2,1,2247,1,1,2,0,2,3,36,1,1,2,2,1,1,1,1
363,0,A94,1,1,6,1,2,1766,1,1,1,0,2,2,21,0,0,1,2,1,0,1,1
364,1,A93,1,0,18,1,2,2473,1,3,4,0,1,3,25,0,1,1,0,1,0,1,0
365,0,A93,1,0,12,1,9,1542,1,2,2,0,4,3,36,0,1,1,2,1,1,1,1
366,0,A93,1,0,18,3,1,3850,1,2,3,0,1,3,27,0,1,2,2,1,0,1,1
367,1,A92,0,1,18,1,2,3650,1,1,1,0,4,3,22,0,0,1,2,1,0,1,1
368,1,A93,1,0,36,1,2,3446,1,2,4,0,2,3,42,0,1,1,2,2,0,1,0
369,2,A92,0,1,18,1,2,3001,1,2,2,0,4,1,40,0,0,1,2,1,0,1,1
370,0,A93,1,0,36,1,1,3079,3,1,4,0,4,1,36,0,1,1,2,1,0,1,1
371,0,A93,1,0,18,3,3,6070,1,2,3,0,4,3,33,0,1,2,2,1,1,1,1
372,0,A92,0,1,10,3,2,2146,1,1,1,0,3,1,23,0,0,2,2,1,0,1,1
373,0,A93,1,0,60,3,1,13756,3,2,2,0,4,0,63,2,2,1,3,1,1,1,1
374,2,A92,0,1,60,1,0,14782,1,2,3,0,4,0,60,2,2,2,3,1,1,1,0
375,1,A92,0,1,48,1,9,7685,1,2,2,2,4,3,37,0,0,1,2,1,0,1,0
376,0,A94,1,1,18,2,3,2320,1,3,2,0,3,1,34,0,1,2,2,1,0,1,1
377,0,A93,1,0,7,2,3,846,3,2,3,0,4,0,36,0,2,1,2,1,0,1,1
378,2,A93,1,0,36,1,1,14318,1,2,4,0,2,0,57,0,2,1,3,1,1,1,0
379,0,A92,0,1,6,3,1,362,1,1,4,0,4,3,52,0,1,2,1,1,0,1,1
380,1,A93,1,0,20,1,2,2212,3,2,4,0,4,3,39,0,1,1,2,1,1,1,1
381,2,A92,0,1,18,1,1,12976,1,3,3,0,4,0,38,0,2,1,3,1,1,1,0
382,0,A92,0,1,22,1,1,1283,3,2,4,0,4,2,25,0,0,1,2,1,0,1,1
383,3,A93,1,0,12,1,1,1330,1,1,4,0,1,1,26,0,1,1,2,1,0,1,1
384,0,A93,1,0,30,2,9,4272,1,1,2,0,2,2,26,0,1,2,1,1,0,1,1
385,0,A92,0,1,18,3,3,2238,1,1,2,0,1,3,25,0,1,2,2,1,0,1,1
386,0,A92,0,1,18,1,3,1126,3,1,4,0,2,1,21,0,0,1,2,1,1,1,1
387,2,A93,1,0,18,3,2,7374,1,3,4,0,4,2,40,1,1,2,3,1,1,1,1
388,2,A93,1,0,15,3,9,2326,2,1,2,0,4,3,27,2,1,1,2,1,0,1,1
389,0,A92,0,1,9,1,9,1449,1,2,3,0,2,3,27,0,1,2,2,1,0,1,1
390,0,A94,1,1,18,1,1,1820,1,1,2,0,2,2,30,0,1,1,3,1,1,1,1
391,2,A92,0,1,12,1,2,983,2,1,1,0,4,1,19,0,0,1,1,1,0,1,1
392,1,A93,1,0,36,1,1,3249,1,2,2,0,4,0,39,2,2,1,3,2,1,1,1
393,1,A92,0,1,6,3,3,1957,1,2,1,0,4,3,31,0,1,1,2,1,0,1,1
394,0,A93,1,0,9,3,2,2406,1,3,2,0,3,3,31,0,1,1,3,1,0,1,1
395,2,A93,1,0,39,2,6,11760,1,2,2,0,3,0,32,0,0,1,2,1,1,1,1
396,1,A92,0,1,12,1,2,2578,1,3,3,0,4,0,55,0,2,1,3,1,0,1,1
397,1,A94,1,1,36,3,2,2348,1,1,3,0,2,2,46,0,1,2,2,1,1,1,1
398,2,A91,1,1,12,1,1,1223,1,2,1,0,1,1,46,0,0,2,2,1,0,1,0
399,0,A92,0,1,24,3,3,1516,2,1,4,0,1,1,43,0,1,2,1,1,0,1,1
400,0,A94,1,1,18,1,3,1473,1,1,3,0,4,1,39,0,1,1,2,1,1,1,1
401,2,A94,1,1,18,3,9,1887,3,1,4,0,4,1,28,2,1,2,2,1,0,1,1
402,0,A93,1,0,24,2,9,8648,1,1,2,0,2,3,27,2,1,2,2,1,1,1,0
403,0,A93,1,0,14,2,1,802,1,1,4,0,2,3,27,0,1,2,1,1,0,1,1
404,2,A93,1,0,18,2,1,2899,3,2,4,0,4,3,43,0,1,1,2,2,0,1,1
405,2,A94,1,1,24,1,3,2039,1,1,1,0,1,2,22,0,1,1,2,1,1,1,0
406,0,A93,1,0,24,3,1,2197,3,2,4,0,4,3,43,0,1,2,2,2,1,1,1
407,1,A94,1,1,15,1,3,1053,1,1,4,0,2,1,27,0,1,1,2,1,0,0,1
408,0,A91,1,1,24,1,3,3235,2,2,3,0,2,3,26,0,1,1,3,1,1,1,1
409,3,A94,1,1,12,3,1,939,2,2,4,0,2,1,28,0,1,3,2,1,1,1,0
410,2,A92,0,1,24,1,3,1967,1,2,4,0,4,3,20,0,1,1,2,1,1,1,1
411,0,A93,1,0,33,3,1,7253,1,2,3,0,2,3,35,0,1,2,3,1,1,1,1
412,0,A93,1,0,12,3,9,2292,1,3,4,0,2,3,42,1,1,2,3,1,1,1,0
413,0,A93,1,0,10,1,1,1597,2,1,3,0,2,0,40,0,0,1,1,2,0,0,1
414,1,A92,0,1,24,1,1,1381,3,1,4,0,2,2,35,0,1,1,2,1,0,1,0
415,0,A93,1,0,36,3,1,5842,1,2,2,0,2,2,35,0,1,2,2,2,1,1,1
416,1,A93,1,0,12,1,1,2579,1,1,4,0,1,1,33,0,1,1,1,2,0,1,0
417,1,A92,0,1,18,2,6,8471,3,1,1,0,2,3,23,0,0,2,2,1,1,1,1
418,0,A92,0,1,21,1,1,2782,2,2,1,0,2,3,31,2,1,1,3,1,0,1,1
419,2,A92,0,1,18,1,1,1042,3,1,4,0,2,2,33,0,1,1,2,1,0,1,0
420,0,A92,0,1,15,1,1,3186,2,2,2,0,3,3,20,0,0,1,2,1,0,1,1
421,2,A93,1,0,12,1,1,2028,3,1,4,0,2,3,30,0,1,1,2,1,0,1,1
422,2,A93,1,0,12,3,1,958,1,2,2,0,3,1,47,0,1,2,1,2,0,1,1
423,0,A93,1,0,21,2,2,1591,1,2,4,0,3,1,34,0,1,2,3,1,0,1,1
424,2,A92,0,1,12,1,2,2762,3,2,1,0,2,2,25,2,1,1,2,1,1,1,0
425,2,A94,1,1,18,1,1,2779,1,1,1,0,3,3,21,0,0,1,2,1,1,1,1
426,0,A93,1,0,28,3,3,2743,1,2,4,0,2,3,29,0,1,2,2,1,0,1,1
427,0,A93,1,0,18,3,3,1149,2,1,4,0,3,1,46,0,1,2,2,1,0,1,1
428,0,A93,1,0,9,1,2,1313,1,2,1,0,4,3,20,0,1,1,2,1,0,1,1
429,1,A92,0,1,18,3,5,1190,1,3,2,0,4,0,55,0,2,3,0,2,0,1,0
430,0,A93,1,0,5,1,9,3448,1,2,1,0,4,1,74,0,1,1,1,1,0,1,1
431,2,A93,1,0,24,1,0,11328,1,1,2,1,3,3,29,2,1,2,3,1,1,1,0
432,1,A93,1,0,6,3,2,1872,1,3,4,0,4,0,36,0,2,3,3,1,1,1,1
433,0,A91,1,1,24,3,5,2058,1,1,4,0,2,1,33,0,1,2,2,1,1,1,1
434,1,A93,1,0,9,1,2,2136,1,1,3,0,2,1,25,0,1,1,2,1,0,1,1
435,2,A94,1,1,12,1,3,1484,3,1,2,0,1,1,25,0,1,1,2,1,1,1,0
436,0,A94,1,1,6,1,5,660,2,2,2,0,4,1,23,0,0,1,1,1,0,1,1
437,0,A92,0,1,24,3,1,1287,2,2,4,0,4,1,37,0,1,2,2,1,1,1,1
438,1,A93,1,0,42,3,5,3394,1,3,4,1,4,3,65,0,1,2,0,1,0,1,1
439,3,A92,0,1,12,1,9,609,1,1,4,0,1,1,26,0,1,1,0,1,0,1,0
440,0,A93,1,0,12,1,1,1884,1,2,4,0,4,3,39,0,1,1,3,1,1,1,1
441,1,A92,0,1,12,1,2,1620,1,1,2,1,3,2,30,0,1,1,2,1,0,1,1
442,2,A93,1,0,20,2,0,2629,1,1,2,0,3,3,29,2,1,2,2,1,1,1,1
443,0,A93,1,0,12,1,6,719,1,2,4,0,4,3,41,2,1,1,1,2,0,1,0
444,2,A92,0,1,48,3,2,5096,1,1,2,0,3,3,30,0,1,1,3,1,1,1,0
445,0,A92,0,1,9,3,6,1244,3,2,4,0,4,2,41,0,0,2,1,1,0,1,1
446,1,A92,0,1,36,1,1,1842,1,1,4,0,4,3,34,0,1,1,2,1,1,1,0
447,2,A93,1,0,7,1,3,2576,1,1,2,2,2,1,35,0,1,1,2,1,0,1,1
448,3,A92,0,1,12,1,2,1424,3,2,3,0,4,1,55,0,1,1,3,1,1,1,1
449,2,A94,1,1,15,2,5,1512,2,1,3,0,3,2,61,1,1,2,2,1,0,1,0
450,0,A93,1,0,36,3,1,11054,3,1,4,0,2,3,30,0,1,1,3,1,1,1,1
451,0,A92,0,1,6,1,3,518,1,1,3,0,1,1,29,0,1,1,2,1,0,1,1
452,0,A93,1,0,12,1,2,2759,1,2,2,0,4,2,34,0,1,2,2,1,0,1,1
453,0,A93,1,0,24,1,1,2670,1,2,4,0,4,3,35,0,1,1,3,1,1,1,1
454,1,A93,1,0,24,1,1,4817,1,2,2,1,3,2,31,0,1,1,2,1,1,1,0
455,0,A92,0,1,24,1,1,2679,1,1,4,0,1,0,29,0,1,1,3,1,1,1,1
456,1,A93,1,0,11,3,1,3905,1,1,2,0,2,1,36,0,0,2,2,2,0,1,1
457,1,A93,1,0,12,1,1,3386,1,2,3,0,4,0,35,0,2,1,2,1,1,1,0
458,1,A92,0,1,6,1,4,343,1,1,4,0,1,1,27,0,1,1,2,1,0,1,1
459,0,A93,1,0,18,1,3,4594,1,1,3,0,2,3,32,0,1,1,2,1,1,1,1
460,1,A93,1,0,36,1,2,3620,1,1,1,2,2,2,37,0,1,1,2,2,0,1,1
461,1,A93,1,0,15,1,1,1721,1,1,2,0,3,1,36,0,1,1,2,1,0,1,1
462,2,A92,0,1,12,1,2,3017,1,1,3,0,1,1,34,0,0,1,3,1,0,1,1
463,2,A93,1,0,12,1,8,754,3,2,4,0,4,2,38,0,1,2,2,1,0,1,1
464,0,A93,1,0,18,1,9,1950,1,2,4,0,1,3,34,1,1,2,2,1,1,1,1
465,1,A93,1,0,24,1,1,2924,1,1,3,2,4,0,63,2,1,1,2,2,1,1,1
466,1,A92,0,1,24,2,3,1659,1,1,4,0,2,3,29,0,0,1,1,1,1,1,0
467,0,A93,1,0,48,2,3,7238,3,2,3,0,3,3,32,2,1,2,2,2,0,1,1
468,0,A92,0,1,33,2,9,2764,1,1,2,0,2,3,26,0,1,2,2,1,1,1,1
469,0,A93,1,0,24,2,1,4679,1,2,3,0,3,3,35,0,1,2,1,1,1,1,1
470,2,A94,1,1,24,1,3,3092,1,1,3,0,2,3,22,0,0,1,2,1,1,1,0
471,1,A92,0,1,6,1,6,448,1,1,4,0,4,2,23,0,1,1,2,1,0,1,0
472,1,A93,1,0,9,1,1,654,1,1,4,0,3,3,28,0,1,1,1,1,0,1,0
473,0,A93,1,0,6,1,8,1238,3,3,4,0,4,2,36,0,1,1,3,2,1,1,1
474,2,A94,1,1,18,3,3,1245,1,1,4,0,2,3,33,0,1,1,2,1,0,1,0
475,1,A92,0,1,18,1,2,3114,1,1,1,0,4,2,26,0,0,1,2,1,0,1,0
476,0,A93,1,0,39,1,1,2569,2,1,4,0,4,3,24,0,1,1,2,1,0,1,1
477,3,A93,1,0,24,1,3,5152,1,2,4,0,2,3,25,2,1,1,2,1,0,1,1
478,2,A93,1,0,12,1,9,1037,1,2,3,0,4,1,39,0,1,1,1,1,0,1,1
479,1,A93,1,0,15,3,2,1478,1,2,4,0,4,3,44,0,1,2,2,2,1,1,1
480,2,A92,0,1,12,3,3,3573,1,1,1,0,1,1,23,0,1,1,1,1,0,1,1
481,2,A93,1,0,24,1,1,1201,1,1,4,0,1,2,26,0,1,1,2,1,0,1,1
482,1,A92,0,1,30,1,2,3622,2,2,4,0,4,2,57,0,0,2,2,1,1,1,1
483,0,A92,0,1,15,2,2,960,2,2,3,0,2,2,30,0,1,2,2,1,0,1,1
484,0,A93,1,0,12,3,1,1163,2,1,4,0,4,1,44,0,1,1,2,1,1,1,1
485,2,A93,1,0,6,2,1,1209,1,3,4,0,4,2,47,0,1,1,3,1,1,1,0
486,0,A93,1,0,12,1,3,3077,1,1,2,0,4,3,52,0,1,1,2,1,1,1,1
487,0,A92,0,1,24,1,1,3757,1,2,4,1,4,0,62,0,2,1,2,1,1,1,1
488,0,A93,1,0,10,1,1,1418,1,1,3,0,2,1,35,0,0,1,1,1,0,0,1
489,0,A93,1,0,6,1,1,3518,1,1,2,2,3,2,26,0,0,1,2,1,0,1,1
490,0,A93,1,0,12,3,3,1934,1,2,2,0,2,0,26,0,1,2,2,1,0,1,1
491,2,A92,0,1,27,1,9,8318,1,2,2,0,4,0,42,0,2,2,3,1,1,1,0
492,0,A92,0,1,6,3,3,1237,1,1,1,0,1,2,27,0,1,2,2,1,0,1,1
493,2,A93,1,0,6,1,3,368,3,2,4,0,4,2,38,0,1,1,2,1,0,1,1
494,1,A93,1,0,12,3,1,2122,1,1,3,0,2,1,39,0,0,2,1,2,0,0,1
495,1,A94,1,1,24,1,2,2996,3,1,2,0,4,3,20,0,1,1,2,1,0,1,0
496,2,A93,1,0,36,1,2,9034,1,1,4,1,1,0,29,0,0,1,3,1,1,1,0
497,0,A93,1,0,24,3,2,1585,1,2,4,0,3,2,40,0,1,2,2,1,0,1,1
498,2,A94,1,1,18,1,3,1301,1,2,4,2,2,1,32,0,1,1,1,1,0,1,1
499,3,A91,1,1,6,3,1,1323,1,2,2,0,4,3,28,0,1,2,2,2,1,1,1
500,1,A92,0,1,24,1,1,3123,1,1,4,0,1,2,27,0,1,1,2,1,0,1,0
501,1,A93,1,0,36,1,1,5493,1,2,2,0,4,0,42,0,2,1,2,2,0,1,1
502,3,A91,1,1,9,1,3,1126,1,2,2,0,4,1,49,0,1,1,2,1,0,1,1
503,2,A93,1,0,24,3,3,1216,1,1,4,0,4,0,38,2,1,2,2,2,0,1,0
504,1,A92,0,1,24,1,1,1207,1,1,4,0,4,2,24,0,0,1,2,1,0,1,0
505,0,A93,1,0,10,1,1,1309,3,1,4,2,4,2,27,0,1,1,1,1,0,1,0
506,3,A93,1,0,15,3,1,2360,2,1,2,0,2,3,36,0,1,1,2,1,1,1,1
507,2,A93,1,0,15,1,1,6850,1,3,1,0,2,2,34,0,1,1,3,2,1,1,0
508,0,A94,1,1,24,1,3,1413,1,1,4,0,2,2,28,0,1,1,2,1,0,1,1
509,0,A93,1,0,39,1,1,8588,1,2,4,0,2,3,45,0,1,1,3,1,1,1,1
510,1,A93,1,0,12,1,1,759,1,2,4,0,2,1,26,0,1,1,2,1,0,1,0
511,0,A93,1,0,36,1,1,4686,1,1,2,0,2,0,32,0,2,1,3,1,1,1,1
512,3,A93,1,0,15,1,9,2687,1,2,2,0,4,2,26,0,0,1,2,1,1,1,1
513,2,A94,1,1,12,2,3,585,1,1,4,1,4,1,20,0,0,2,2,1,0,1,1
514,0,A93,1,0,24,1,1,2255,3,1,4,0,1,2,54,0,1,1,2,1,0,1,1
515,1,A92,0,1,6,3,1,609,1,2,4,0,3,2,37,0,1,2,2,1,0,0,1
516,1,A93,1,0,6,3,1,1361,1,1,2,0,4,1,40,0,1,1,1,2,0,0,1
517,0,A92,0,1,36,3,2,7127,1,1,2,0,4,2,23,0,0,2,2,1,1,1,0
518,1,A93,1,0,6,1,1,1203,1,2,3,0,2,2,43,0,1,1,2,1,1,1,1
519,0,A93,1,0,6,3,3,700,3,2,4,0,4,0,36,0,2,2,2,1,0,1,1
520,0,A93,1,0,24,3,5,5507,1,2,3,0,4,0,44,0,2,2,2,1,0,1,1
521,1,A92,0,1,18,1,3,3190,1,1,2,0,2,1,24,0,1,1,2,1,0,1,0
522,1,A93,1,0,48,1,2,7119,1,1,3,0,4,0,53,0,2,2,2,2,0,1,0
523,0,A92,0,1,24,1,1,3488,1,2,3,0,4,3,23,0,1,1,2,1,0,1,1
524,2,A92,0,1,18,1,3,1113,1,1,4,2,4,1,26,0,1,1,1,2,0,1,1
525,2,A93,1,0,26,1,1,7966,1,1,2,0,3,3,30,0,1,2,2,1,0,1,1
526,0,A92,0,1,15,3,6,1532,1,1,4,0,3,3,31,0,1,1,2,1,0,1,1
527,0,A93,1,0,4,3,3,1503,1,2,2,0,1,1,42,0,1,2,1,2,0,1,1
528,1,A91,1,1,36,1,3,2302,1,1,4,0,4,3,31,0,0,1,2,1,0,1,0
529,1,A93,1,0,6,1,1,662,1,1,3,0,4,1,41,0,1,1,1,2,1,1,1
530,2,A93,1,0,36,1,6,2273,1,2,3,0,1,3,32,0,1,2,2,2,0,1,1
531,2,A92,0,1,15,1,1,2631,1,1,2,0,4,3,28,0,0,2,2,1,1,1,0
532,0,A94,1,1,12,2,1,1503,1,1,4,0,4,1,41,0,0,1,2,1,0,1,1
533,0,A94,1,1,24,1,3,1311,1,2,4,0,3,2,26,0,1,1,2,1,1,1,1
534,0,A93,1,0,24,1,3,3105,3,1,4,0,2,3,25,0,1,2,2,1,0,1,1
535,3,A91,1,1,21,3,6,2319,1,1,2,0,1,3,33,0,0,1,2,1,0,1,0
536,1,A92,0,1,6,1,1,1374,3,3,4,0,3,2,75,0,1,1,3,1,1,1,1
537,2,A92,0,1,18,3,2,3612,1,2,3,0,4,2,37,0,1,1,2,1,1,1,1
538,1,A93,1,0,48,1,1,7763,1,2,4,0,4,0,42,2,2,1,3,1,0,1,0
539,3,A92,0,1,18,1,2,3049,1,1,1,0,1,2,45,1,1,1,1,1,0,1,1
540,2,A94,1,1,12,1,3,1534,1,1,1,0,1,1,23,0,0,1,2,1,0,1,0
541,0,A93,1,0,24,2,1,2032,1,2,4,0,4,0,60,0,2,2,2,1,1,1,1
542,1,A93,1,0,30,1,2,6350,3,2,4,0,4,2,31,0,1,1,2,1,0,1,0
543,3,A93,1,0,18,1,2,2864,1,1,2,0,1,1,34,0,1,1,1,2,0,1,0
544,0,A93,1,0,12,3,1,1255,1,2,4,0,4,1,61,0,1,2,1,1,0,1,1
545,1,A93,1,0,24,2,1,1333,1,3,4,0,2,1,43,0,2,2,2,2,0,1,0
546,0,A92,0,1,24,3,1,2022,1,1,4,0,4,3,37,0,1,1,2,1,1,1,1
547,0,A93,1,0,24,1,3,1552,1,2,3,0,1,3,32,2,1,1,2,2,0,1,1
548,1,A92,0,1,12,1,3,626,1,1,4,0,4,1,24,2,1,1,1,1,0,1,0
549,0,A93,1,0,48,3,1,8858,3,2,2,0,1,0,35,0,2,2,2,1,1,1,1
550,0,A92,0,1,12,3,5,996,3,2,4,0,4,1,23,0,1,2,2,1,0,1,1
551,0,A93,1,0,6,1,3,1750,2,2,2,0,4,2,45,2,1,1,1,2,0,1,1
552,1,A94,1,1,48,1,3,6999,1,2,1,2,1,1,34,0,1,2,2,1,1,1,0
553,2,A93,1,0,12,3,1,1995,1,1,4,0,1,3,27,0,1,1,2,1,0,1,1
554,2,A92,0,1,9,1,6,1199,1,2,4,0,4,2,67,0,1,2,3,1,1,1,1
555,2,A93,1,0,12,1,3,1331,1,1,2,0,1,3,22,1,1,1,2,1,0,1,0
556,2,A92,0,1,18,1,1,2278,1,1,3,0,3,3,28,0,1,2,2,1,0,1,0
557,0,A92,0,1,21,1,1,5003,3,1,1,0,4,2,29,2,1,2,2,1,1,1,0
558,1,A93,1,0,24,1,2,3552,1,2,3,0,4,3,27,2,1,1,2,1,0,1,0
559,2,A93,1,0,18,3,2,1928,1,1,2,0,2,1,31,0,1,2,1,1,0,1,0
560,1,A93,1,0,24,1,1,2964,3,2,4,0,4,0,49,2,2,1,2,2,1,1,1
561,1,A93,1,0,24,1,3,1546,1,2,4,2,4,3,24,2,0,1,1,1,0,1,0
562,3,A92,0,1,6,2,3,683,1,1,2,0,1,2,29,2,1,1,2,1,0,1,1
563,2,A93,1,0,36,1,1,12389,3,1,1,0,4,0,37,0,2,1,2,1,1,1,0
564,2,A93,1,0,24,2,9,4712,3,1,4,0,2,2,37,2,1,2,3,1,1,1,1
565,2,A92,0,1,24,2,3,1553,1,2,3,0,2,2,23,0,0,2,2,1,1,1,1
566,1,A91,1,1,12,1,1,1372,1,2,2,0,3,3,36,0,1,1,2,1,0,1,0
567,0,A93,1,0,24,3,3,2578,2,2,2,0,2,3,34,0,1,1,2,1,0,1,1
568,2,A93,1,0,48,1,3,3979,3,2,4,0,1,3,41,0,1,2,2,2,1,1,1
569,1,A92,0,1,48,1,3,6758,1,1,3,0,2,3,31,0,1,1,2,1,1,1,0
570,1,A92,0,1,24,1,2,3234,1,1,4,0,4,1,23,0,0,1,1,1,1,1,0
571,0,A93,1,0,30,3,3,5954,1,2,3,1,2,3,38,0,1,1,2,1,0,1,1
572,0,A92,0,1,24,1,1,5433,3,3,2,0,4,2,26,0,0,1,3,1,1,1,1
573,1,A92,0,1,15,1,9,806,1,1,4,0,4,2,22,0,1,1,1,1,0,1,1
574,2,A93,1,0,9,1,3,1082,1,2,4,0,4,3,27,0,1,2,1,1,0,1,1
575,0,A92,0,1,15,3,2,2788,1,2,2,1,3,3,24,2,1,2,2,1,0,1,1
576,2,A92,0,1,12,1,3,2930,1,2,2,0,1,1,27,0,1,1,2,1,0,1,1
577,0,A92,0,1,24,3,6,1927,3,1,3,0,2,3,33,0,1,2,2,1,1,1,1
578,2,A91,1,1,36,3,1,2820,1,1,4,0,4,3,27,0,1,2,2,1,0,1,0
579,0,A94,1,1,24,1,8,937,1,1,4,0,3,3,27,0,1,2,1,1,0,1,1
580,2,A93,1,0,18,3,1,1056,1,2,3,2,3,1,30,2,1,2,2,1,0,1,0
581,2,A93,1,0,12,3,1,3124,1,1,1,0,3,1,49,2,1,2,1,2,0,1,1
582,0,A92,0,1,9,1,2,1388,1,1,4,0,2,1,26,0,0,1,2,1,0,1,1
583,2,A93,1,0,36,1,5,2384,1,1,4,0,1,0,33,0,0,1,1,1,0,1,0
584,0,A92,0,1,12,1,1,2133,3,2,4,0,4,0,52,0,2,1,3,1,1,1,1
585,1,A92,0,1,18,1,2,2039,1,1,1,0,4,1,20,2,0,1,2,1,0,1,0
586,1,A93,1,0,9,3,1,2799,1,1,2,0,2,1,36,0,0,2,2,2,0,1,1
587,1,A93,1,0,12,1,2,1289,1,1,4,2,1,2,21,0,1,1,1,1,0,1,1
588,1,A94,1,1,18,1,4,1217,1,1,4,0,3,1,47,0,1,1,1,1,1,1,0
589,1,A93,1,0,12,3,2,2246,1,2,3,0,3,2,60,0,1,2,2,1,0,1,0
590,1,A92,0,1,12,3,3,385,1,2,4,0,3,1,58,0,1,4,1,1,1,1,1
591,2,A92,0,1,24,2,1,1965,3,1,4,0,4,3,42,0,0,2,2,1,1,1,1
592,0,A92,0,1,21,1,9,1572,2,2,4,0,4,1,36,2,1,1,1,1,0,1,1
593,2,A92,0,1,24,1,1,2718,1,1,3,0,4,2,20,0,0,1,1,1,1,1,0
594,1,A93,1,0,24,1,0,1358,3,2,4,0,3,3,40,1,1,1,3,1,1,1,0
595,2,A92,0,1,6,1,1,931,1,1,1,0,1,2,32,1,1,1,1,1,0,1,0
596,1,A92,0,1,24,1,1,1442,1,2,4,0,4,3,23,0,0,2,2,1,0,1,0
597,2,A93,1,0,24,1,9,4241,1,1,1,0,4,1,36,0,1,3,1,1,1,1,0
598,0,A93,1,0,18,3,1,2775,1,2,2,0,2,2,31,2,1,2,2,1,0,1,0
599,0,A93,1,0,24,2,9,3863,1,1,1,0,2,0,32,0,2,1,2,1,0,1,1
600,2,A92,0,1,7,1,3,2329,1,1,1,2,1,1,45,0,1,1,2,1,0,1,1
601,2,A92,0,1,9,1,2,918,1,1,4,0,1,2,30,0,1,1,2,1,0,1,0
602,2,A92,0,1,24,1,6,1837,1,2,4,0,4,0,34,2,2,1,1,1,0,1,0
603,0,A92,0,1,36,1,2,3349,1,1,4,0,2,3,28,0,1,1,3,1,1,1,0
604,3,A92,0,1,10,1,2,1275,1,1,4,0,2,2,23,0,1,1,2,1,0,1,1
605,1,A93,1,0,24,1,2,2828,2,1,4,0,4,1,22,1,1,1,2,1,1,1,1
606,0,A93,1,0,24,3,9,4526,1,1,3,0,2,1,74,0,1,1,3,1,1,1,1
607,2,A92,0,1,36,1,3,2671,1,1,4,1,4,0,50,0,2,1,2,1,0,1,0
608,0,A93,1,0,18,1,3,2051,1,1,4,0,1,1,33,0,1,1,2,1,0,1,1
609,0,A93,1,0,15,1,1,1300,3,2,4,0,4,0,45,2,2,1,2,2,0,1,1
610,1,A92,0,1,12,1,4,741,1,3,4,0,3,2,22,0,1,1,2,1,0,1,0
611,3,A92,0,1,10,1,1,1240,1,2,1,0,4,0,48,0,2,1,1,2,0,1,0
612,1,A92,0,1,21,1,3,3357,2,1,4,0,2,3,29,2,1,1,2,1,0,1,1
613,1,A92,0,1,24,1,1,3632,1,1,1,2,4,3,22,2,0,1,2,1,0,0,1
614,0,A92,0,1,18,2,2,1808,1,2,4,0,1,1,22,0,1,1,2,1,0,1,0
615,2,A93,1,0,48,1,9,12204,3,1,2,0,2,3,48,2,1,1,3,1,1,1,1
616,2,A93,1,0,60,2,3,9157,3,1,2,0,2,0,27,0,2,1,3,1,0,1,1
617,1,A93,1,0,6,3,1,3676,1,1,1,0,3,1,37,0,0,3,2,2,0,1,1
618,2,A92,0,1,30,1,2,3441,1,1,2,1,4,3,21,0,0,1,2,1,0,1,0
619,0,A91,1,1,12,1,1,640,1,1,4,0,2,1,49,0,1,1,1,1,0,1,1
620,2,A93,1,0,21,3,9,3652,1,2,2,0,3,2,27,0,1,2,2,1,0,1,1
621,0,A93,1,0,18,3,1,1530,1,1,3,0,2,2,32,2,1,2,2,1,0,1,0
622,0,A91,1,1,48,1,9,3914,3,1,4,0,2,1,38,2,1,1,2,1,0,1,0
623,1,A92,0,1,12,1,2,1858,1,1,4,0,1,3,22,0,0,1,2,1,0,1,1
624,1,A93,1,0,18,1,3,2600,1,1,4,0,4,0,65,0,2,2,2,1,0,1,0
625,0,A93,1,0,15,1,3,1979,3,2,4,0,2,3,35,0,1,1,2,1,0,1,1
626,3,A93,1,0,6,1,2,2116,1,1,2,0,2,1,41,0,1,1,2,1,1,1,1
627,2,A93,1,0,9,1,1,1437,1,2,2,0,3,0,29,0,1,1,2,1,0,1,0
628,0,A93,1,0,42,3,2,4042,2,1,4,0,4,1,36,0,1,2,2,1,1,1,1
629,0,A93,1,0,9,1,6,3832,3,2,1,0,4,1,64,0,1,1,1,1,0,1,1
630,1,A92,0,1,24,1,3,3660,1,1,2,0,4,3,28,0,1,1,2,1,0,1,1
631,1,A93,1,0,18,1,2,1553,1,1,4,0,3,3,44,2,1,1,2,1,0,1,0
632,2,A93,1,0,15,1,3,1444,3,1,4,0,1,2,23,0,1,1,2,1,0,1,1
633,0,A92,0,1,9,1,2,1980,1,1,2,1,2,3,19,0,0,2,2,1,0,1,0
634,2,A92,0,1,24,1,1,1355,1,1,3,0,4,3,25,0,1,1,1,1,1,1,0
635,0,A93,1,0,12,1,6,1393,1,2,4,0,4,2,47,2,1,3,2,2,1,1,1
636,0,A92,0,1,24,1,3,1376,2,2,4,0,1,3,28,0,1,1,2,1,0,1,1
637,0,A93,1,0,60,2,3,15653,1,2,2,0,4,3,21,0,1,2,2,1,1,1,1
638,0,A92,0,1,12,1,3,1493,1,1,4,0,3,3,34,0,1,1,2,2,0,1,1
639,1,A93,1,0,42,2,3,4370,1,2,3,0,2,2,26,2,1,2,2,2,1,1,0
640,1,A92,0,1,18,1,6,750,1,3,4,0,1,1,27,0,1,1,0,1,0,1,0
641,2,A93,1,0,15,1,5,1308,1,2,4,0,4,3,38,0,1,2,1,1,0,1,1
642,0,A93,1,0,15,1,6,4623,1,1,3,0,2,2,40,0,1,1,3,1,1,1,0
643,0,A94,1,1,24,3,3,1851,1,2,4,2,2,3,33,0,1,2,2,1,1,1,1
644,1,A94,1,1,18,3,3,1880,1,2,4,0,1,2,32,0,1,2,3,1,1,1,1
645,0,A93,1,0,36,2,9,7980,3,1,4,0,4,3,27,0,0,2,2,1,1,1,0
646,1,A91,1,1,30,1,2,4583,1,1,2,2,2,1,32,0,1,2,2,1,0,1,1
647,0,A92,0,1,12,1,1,1386,2,1,2,0,2,2,26,0,1,1,2,1,0,1,0
648,3,A93,1,0,24,1,1,947,1,2,4,0,3,0,38,2,2,1,2,2,0,1,0
649,1,A93,1,0,12,1,6,684,1,1,4,0,4,3,40,0,0,1,1,2,0,1,0
650,1,A93,1,0,48,1,6,7476,1,2,4,0,1,0,50,0,2,1,3,1,1,1,1
651,2,A93,1,0,12,1,2,1922,1,1,4,0,2,2,37,0,1,1,1,1,0,1,0
652,1,A93,1,0,24,1,1,2303,1,2,4,1,1,1,45,0,1,1,2,1,0,1,0
653,2,A93,1,0,36,2,1,8086,1,2,2,0,4,3,42,0,1,4,3,1,1,1,0
654,0,A93,1,0,24,3,1,2346,1,2,4,0,3,3,35,0,1,2,2,1,1,1,1
655,1,A93,1,0,14,1,1,3973,1,3,1,0,4,0,22,0,2,1,2,1,0,1,1
656,2,A93,1,0,12,1,1,888,1,2,4,0,4,3,41,2,1,1,1,2,0,1,0
657,0,A93,1,0,48,1,3,10222,3,2,4,0,3,3,37,1,1,1,2,1,1,1,1
658,2,A92,0,1,30,1,9,4221,1,1,2,0,1,3,28,0,1,2,2,1,0,1,1
659,2,A93,1,0,18,3,2,6361,1,2,2,0,1,0,41,0,1,1,2,1,1,1,1
660,3,A94,1,1,12,1,3,1297,1,1,3,0,4,1,23,0,0,1,2,1,0,1,1
661,1,A94,1,1,12,1,1,900,3,1,4,0,2,3,23,0,1,1,2,1,0,1,0
662,0,A93,1,0,21,1,2,2241,1,2,4,0,2,1,50,0,1,2,2,1,0,1,1
663,2,A93,1,0,6,2,2,1050,1,3,4,0,1,2,35,1,1,2,3,1,1,1,1
664,3,A92,0,1,6,3,6,1047,1,1,2,0,4,2,50,0,1,1,1,1,0,1,1
665,0,A93,1,0,24,3,0,6314,1,3,4,1,2,0,27,2,1,2,3,1,1,1,1
666,2,A93,1,0,30,1,2,3496,2,1,4,0,2,3,34,1,1,1,2,2,1,1,1
667,0,A92,0,1,48,1,9,3609,1,1,1,0,1,1,27,1,1,1,2,1,0,1,1
668,1,A93,1,0,12,3,1,4843,1,2,3,1,4,2,43,0,0,2,2,1,1,1,0
669,3,A93,1,0,30,3,3,3017,1,2,4,0,4,2,47,0,1,1,2,1,0,1,1
670,0,A93,1,0,24,3,9,4139,1,1,3,0,3,2,27,0,1,2,1,1,1,1,1
671,0,A93,1,0,36,1,9,5742,1,2,2,0,2,3,31,0,1,2,2,1,1,1,1
672,0,A93,1,0,60,1,1,10366,1,2,2,0,4,2,42,0,1,1,3,1,1,1,1
673,0,A94,1,1,6,3,1,2080,2,1,1,0,2,3,24,0,1,1,2,1,0,1,1
674,0,A93,1,0,21,2,9,2580,2,1,4,0,2,1,41,2,1,1,1,2,0,1,0
675,0,A92,0,1,30,3,3,4530,1,2,4,0,4,3,26,0,0,1,3,1,1,1,1
676,0,A93,1,0,24,3,2,5150,1,2,4,0,4,3,33,0,1,1,2,1,1,1,1
677,2,A94,1,1,72,1,3,5595,1,1,2,0,2,3,24,0,1,1,2,1,0,1,0
678,1,A93,1,0,24,1,3,2384,1,2,4,0,4,1,64,2,0,1,1,1,0,1,1
679,0,A92,0,1,18,1,3,1453,1,1,3,0,1,1,26,0,1,1,2,1,0,1,1
680,0,A92,0,1,6,1,6,1538,1,1,1,0,2,0,56,0,1,1,2,1,0,1,1
681,0,A93,1,0,12,1,3,2279,3,1,4,0,4,0,37,0,2,1,2,1,1,1,1
682,0,A94,1,1,15,2,3,1478,1,1,4,0,3,1,33,2,1,2,2,1,0,1,1
683,0,A94,1,1,24,3,3,5103,1,1,3,0,3,0,47,0,2,3,2,1,1,1,1
684,2,A93,1,0,36,2,9,9857,1,2,1,0,3,2,31,0,1,2,1,2,1,1,1
685,0,A93,1,0,60,1,1,6527,3,1,4,0,4,0,34,0,2,1,2,2,1,1,1
686,3,A93,1,0,10,3,3,1347,3,2,4,0,2,2,27,0,1,2,2,1,1,1,1
687,2,A93,1,0,36,2,1,2862,1,2,4,0,3,0,30,0,2,1,2,1,0,1,1
688,0,A93,1,0,9,1,3,2753,1,2,3,1,4,3,35,0,1,1,2,1,1,1,1
689,1,A93,1,0,12,1,1,3651,2,1,1,0,3,2,31,0,1,1,2,2,0,1,1
690,1,A91,1,1,15,3,2,975,1,1,2,0,3,2,25,0,1,2,2,1,0,1,1
691,2,A92,0,1,15,1,5,2631,1,1,3,0,2,1,25,0,1,1,1,1,0,1,1
692,2,A93,1,0,24,1,3,2896,1,1,2,0,1,3,29,0,1,1,2,1,0,1,1
693,1,A93,1,0,6,3,1,4716,3,1,1,0,3,1,44,0,1,2,1,2,0,1,1
694,0,A93,1,0,24,1,3,2284,1,2,4,0,2,3,28,0,1,1,2,1,1,1,1
695,0,A93,1,0,6,1,1,1236,2,1,2,0,4,2,50,0,0,1,2,1,0,1,1
696,2,A93,1,0,12,1,3,1103,1,2,4,2,3,1,29,0,1,2,2,1,0,0,1
697,0,A92,0,1,12,3,1,926,1,3,1,0,2,2,38,0,1,1,0,1,0,1,1
698,0,A93,1,0,18,3,3,1800,1,1,4,0,2,3,24,0,1,2,2,1,0,1,1
699,3,A93,1,0,15,1,6,1905,1,2,4,0,4,3,40,0,0,1,3,1,1,1,1
700,0,A92,0,1,12,1,2,1123,2,1,4,0,4,3,29,0,0,1,1,1,0,1,0
701,1,A93,1,0,48,3,1,6331,1,2,4,0,4,0,46,0,2,2,2,1,1,1,0
702,3,A92,0,1,24,1,3,1377,1,2,4,0,2,0,47,0,2,1,2,1,1,1,1
703,2,A93,1,0,30,2,9,2503,1,2,4,0,2,2,41,1,1,2,2,1,0,1,1
704,2,A92,0,1,27,1,9,2528,1,1,4,0,1,2,32,0,1,1,2,2,1,1,1
705,0,A92,0,1,15,1,1,5324,2,2,1,0,4,0,35,0,2,1,2,1,0,1,1
706,2,A93,1,0,48,1,1,6560,1,2,3,0,2,2,24,0,1,1,2,1,0,1,0
707,2,A92,0,1,12,1,2,2969,1,1,4,0,3,2,25,0,0,2,2,1,0,1,0
708,2,A92,0,1,9,1,3,1206,1,2,4,0,4,1,25,0,1,1,2,1,0,1,1
709,2,A93,1,0,9,1,3,2118,1,1,2,0,2,1,37,0,1,1,1,2,0,1,1
710,0,A93,1,0,18,3,3,629,2,2,4,0,3,2,32,2,1,2,3,1,1,1,1
711,1,A92,0,1,6,1,6,1198,1,2,4,0,4,0,35,0,2,1,2,1,0,1,0
712,0,A93,1,0,21,1,1,2476,3,2,4,0,4,1,46,0,1,1,3,1,1,1,1
713,1,A93,1,0,9,3,3,1138,1,1,4,0,4,1,25,0,1,2,1,1,0,1,1
714,2,A93,1,0,60,1,1,14027,1,2,4,0,2,0,27,0,1,1,3,1,1,1,0
715,0,A93,1,0,30,3,1,7596,3,2,1,0,4,3,63,0,1,2,2,1,0,1,1
716,0,A93,1,0,30,3,3,3077,3,2,3,0,2,3,40,0,1,2,2,2,1,1,1
717,0,A93,1,0,18,1,3,1505,1,1,4,0,2,0,32,0,2,1,3,1,1,1,1
718,3,A93,1,0,24,3,3,3148,3,1,3,0,2,3,31,0,1,2,2,1,1,1,1
719,2,A94,1,1,20,1,1,6148,1,2,3,0,4,3,31,2,1,2,2,1,1,1,1
720,3,A93,1,0,9,1,3,1337,1,1,4,0,2,3,34,0,1,2,3,1,1,1,0
721,2,A92,0,1,6,1,6,433,2,1,4,0,2,2,24,2,0,1,2,2,0,1,0
722,1,A92,0,1,12,1,1,1228,1,1,4,0,2,1,24,0,1,1,1,1,0,1,0
723,2,A92,0,1,9,1,3,790,2,1,4,0,3,1,66,0,1,1,1,1,0,1,1
724,0,A92,0,1,27,1,1,2570,1,1,3,0,3,1,21,0,0,1,2,1,0,1,0
725,0,A92,0,1,6,3,1,250,2,1,2,0,2,1,41,2,1,2,1,1,0,1,1
726,0,A94,1,1,15,3,3,1316,2,1,2,0,2,2,47,0,1,2,1,1,0,1,1
727,1,A92,0,1,18,1,3,1882,1,1,4,0,4,3,25,2,0,2,2,1,0,1,0
728,2,A92,0,1,48,1,9,6416,1,2,4,0,3,0,59,0,0,1,2,1,0,1,0
729,3,A91,1,1,24,3,9,1275,2,1,2,0,4,1,36,0,1,2,2,1,1,1,1
730,2,A93,1,0,24,2,3,6403,1,1,1,0,2,3,33,0,1,1,2,1,0,1,1
731,1,A93,1,0,24,1,3,1987,1,1,2,0,4,1,21,0,0,1,1,2,0,1,0
732,2,A92,0,1,8,1,3,760,1,2,4,2,2,1,44,0,1,1,1,1,0,1,1
733,0,A92,0,1,24,1,1,2603,2,1,2,0,4,3,28,0,0,1,2,1,1,1,1
734,0,A92,0,1,4,3,1,3380,1,2,1,0,1,1,37,0,1,1,2,2,0,1,1
735,2,A92,0,1,36,1,4,3990,3,1,3,0,2,0,29,2,1,1,0,1,0,1,1
736,2,A92,0,1,24,1,1,11560,1,1,1,0,4,3,23,0,0,2,3,1,0,1,0
737,1,A93,1,0,18,1,1,4380,1,1,3,0,4,3,35,0,1,1,1,2,1,1,1
738,0,A93,1,0,6,3,1,6761,1,2,1,0,3,0,45,0,1,2,3,2,1,1,1
739,2,A92,0,1,30,1,9,4280,1,1,4,0,4,3,26,0,0,2,1,1,0,1,0
740,1,A93,1,0,24,1,1,2325,1,2,2,0,3,3,32,2,1,1,2,1,0,1,1
741,2,A93,1,0,10,1,3,1048,1,1,4,0,4,1,23,1,1,1,1,1,0,1,1
742,0,A93,1,0,21,1,3,3160,3,2,4,0,3,2,41,0,1,1,2,1,1,1,1
743,1,A93,1,0,24,1,2,2483,2,1,4,0,4,1,22,1,1,1,2,1,1,1,1
744,1,A93,1,0,39,3,2,14179,3,2,4,0,4,2,30,0,1,2,3,1,1,1,1
745,1,A93,1,0,13,3,9,1797,1,1,3,0,1,2,28,2,1,2,1,1,0,1,1
746,1,A92,0,1,15,1,1,2511,1,3,1,0,4,3,23,0,0,1,2,1,0,1,1
747,1,A92,0,1,12,1,1,1274,1,1,3,0,1,1,37,0,1,1,1,1,0,1,0
748,0,A93,1,0,21,1,1,5248,3,1,1,0,3,3,26,0,1,1,2,1,0,1,1
749,0,A93,1,0,15,1,1,3029,1,2,2,0,2,3,33,0,1,1,2,1,0,1,1
750,1,A92,0,1,6,1,2,428,1,2,2,0,1,2,49,2,1,1,2,1,1,1,1
751,1,A92,0,1,18,1,1,976,1,1,1,0,2,3,23,0,1,1,1,1,0,1,0
752,2,A92,0,1,12,1,9,841,1,2,2,0,4,1,23,0,0,1,1,1,0,1,1
753,0,A92,0,1,30,3,3,5771,1,2,4,0,2,3,25,0,1,2,2,1,0,1,1
754,0,A93,1,0,12,2,5,1555,2,2,4,0,4,0,55,0,2,2,2,2,0,1,0
755,1,A92,0,1,24,1,1,1285,3,2,4,0,4,0,32,0,0,1,2,1,0,1,0
756,3,A93,1,0,6,3,1,1299,1,1,1,0,1,1,74,0,1,3,0,2,0,0,1
757,3,A93,1,0,15,3,3,1271,3,1,3,0,4,0,39,0,2,2,2,1,1,1,0
758,0,A93,1,0,24,1,1,1393,1,1,2,2,2,1,31,0,1,1,2,1,1,1,1
759,1,A93,1,0,12,3,1,691,1,2,4,0,3,2,35,0,1,2,2,1,0,1,0
760,0,A92,0,1,15,3,1,5045,3,2,1,0,4,3,59,0,1,1,2,1,1,1,1
761,1,A92,0,1,18,3,2,2124,1,1,4,0,4,1,24,0,0,2,2,1,0,1,0
762,1,A93,1,0,12,1,3,2214,1,1,4,0,3,2,24,0,1,1,1,1,0,1,1
763,0,A93,1,0,21,3,1,12680,3,2,4,0,4,0,30,0,2,1,3,1,1,1,0
764,0,A94,1,1,24,3,1,2463,1,2,4,0,3,2,27,0,1,2,2,1,1,1,1
765,2,A94,1,1,12,1,3,1155,1,2,3,2,3,1,40,2,1,2,1,1,0,1,1
766,1,A91,1,1,30,1,2,3108,1,1,2,0,4,2,31,0,1,1,1,1,0,1,0
767,0,A92,0,1,10,1,1,2901,3,1,1,0,4,1,31,0,0,1,2,1,0,1,1
768,2,A93,1,0,12,3,2,3617,1,2,1,0,4,3,28,0,0,3,2,1,1,1,1
769,0,A93,1,0,12,3,3,1655,1,2,2,0,4,1,63,0,1,2,1,1,1,1,1
770,1,A92,0,1,24,1,1,2812,3,2,2,0,4,1,26,0,0,1,2,1,0,1,1
771,1,A92,0,1,36,3,6,8065,1,1,3,0,2,0,25,0,1,2,3,1,1,1,0
772,0,A93,1,0,21,3,1,3275,1,2,1,0,4,3,36,0,1,1,3,1,1,1,1
773,0,A93,1,0,24,3,3,2223,1,2,4,0,4,2,52,2,1,2,2,1,0,1,1
774,3,A93,1,0,12,3,1,1480,2,3,2,0,4,0,66,2,2,3,0,1,0,1,1
775,1,A92,0,1,24,1,1,1371,3,1,4,0,4,1,25,0,0,1,2,1,0,1,0
776,0,A93,1,0,36,3,1,3535,1,2,4,0,4,3,37,0,1,2,2,1,1,1,1
777,1,A92,0,1,18,1,3,3509,1,2,4,2,1,1,25,0,1,1,2,1,0,1,1
778,0,A93,1,0,36,3,1,5711,2,2,4,0,2,3,38,0,1,2,3,1,1,1,1
779,2,A92,0,1,18,1,5,3872,1,3,2,0,4,3,67,0,1,1,2,1,1,1,1
780,2,A93,1,0,39,3,3,4933,1,2,2,2,2,1,25,0,1,2,2,1,0,1,0
781,0,A93,1,0,24,3,1,1940,2,2,4,0,4,1,60,0,1,1,2,1,1,1,1
782,2,A93,1,0,12,1,8,1410,1,1,2,0,2,1,31,0,1,1,1,1,1,1,1
783,2,A92,0,1,12,1,1,836,1,1,4,0,2,2,23,2,1,1,1,1,0,1,0
784,2,A91,1,1,20,1,1,6468,3,3,1,0,4,1,60,0,1,1,3,1,1,1,1
785,2,A93,1,0,18,1,9,1941,2,1,4,0,2,2,35,0,1,1,1,1,1,1,1
786,0,A93,1,0,22,1,3,2675,2,2,3,0,4,3,40,0,1,1,2,1,0,1,1
787,0,A93,1,0,48,3,1,2751,3,2,4,0,3,3,38,0,1,2,2,2,1,1,1
788,2,A93,1,0,48,2,6,6224,1,2,4,0,4,0,50,0,2,1,2,1,0,1,0
789,1,A93,1,0,40,3,6,5998,1,1,4,0,3,0,27,2,1,1,2,1,1,1,0
790,2,A92,0,1,21,1,9,1188,1,2,2,0,4,2,39,0,1,1,2,2,0,1,0
791,0,A93,1,0,24,1,1,6313,3,2,3,0,4,3,41,0,1,1,3,2,1,1,1
792,0,A94,1,1,6,3,2,1221,3,1,1,0,2,2,27,0,1,2,2,1,0,1,1
793,3,A91,1,1,24,1,2,2892,1,2,3,0,4,0,51,0,2,1,2,1,0,1,1
794,0,A93,1,0,24,1,2,3062,2,2,4,0,3,0,32,0,0,1,2,1,1,1,1
795,0,A92,0,1,9,1,2,2301,1,1,2,0,4,2,22,0,0,1,2,1,0,1,1
796,1,A93,1,0,18,1,1,7511,3,2,1,0,4,2,51,0,2,1,2,2,1,1,0
797,0,A92,0,1,12,3,2,1258,1,1,2,0,4,2,22,0,0,2,1,1,0,1,1
798,0,A94,1,1,24,2,1,717,3,2,4,0,4,3,54,0,1,2,2,1,1,1,1
799,2,A93,1,0,9,1,1,1549,3,1,4,0,2,1,35,0,1,1,0,1,0,1,1
800,0,A93,1,0,24,3,6,1597,1,2,4,0,4,0,54,0,2,2,2,2,0,1,1
801,2,A92,0,1,18,3,3,1795,1,2,3,2,4,1,48,2,0,2,1,1,1,1,1
802,1,A92,0,1,20,3,2,4272,1,2,1,0,4,2,24,0,1,2,2,1,0,1,1
803,0,A93,1,0,12,3,3,976,3,2,4,0,4,3,35,0,1,2,2,1,0,1,1
804,2,A92,0,1,12,1,1,7472,3,3,1,0,2,1,24,0,0,1,0,1,0,1,1
805,1,A93,1,0,36,1,1,9271,1,2,2,0,1,3,24,0,1,1,2,1,1,1,0
806,2,A94,1,1,6,1,3,590,1,1,3,0,3,1,26,0,1,1,1,1,0,0,1
807,0,A93,1,0,12,3,3,930,3,2,4,0,4,1,65,0,1,4,2,1,0,1,1
808,2,A93,1,0,42,1,1,9283,1,3,1,0,2,0,55,2,2,1,3,1,1,1,1
809,2,A92,0,1,15,1,1,1778,1,1,2,0,1,1,26,0,0,2,0,1,0,1,0
810,2,A94,1,1,8,1,9,907,1,1,3,0,2,1,26,0,1,1,2,1,1,1,1
811,2,A94,1,1,6,1,3,484,1,2,3,2,3,1,28,2,1,1,1,1,0,1,1
812,1,A93,1,0,36,3,1,9629,1,2,4,0,4,3,24,0,1,2,2,1,1,1,0
813,1,A93,1,0,48,1,4,3051,1,1,3,0,4,3,54,0,1,1,2,1,0,1,0
814,1,A93,1,0,48,1,1,3931,1,2,4,0,4,0,46,0,2,1,2,2,0,1,0
815,2,A92,0,1,36,2,1,7432,1,1,2,0,2,2,54,0,0,1,2,1,0,1,1
816,0,A91,1,1,6,1,4,1338,2,1,1,0,4,1,62,0,1,1,2,1,0,1,1
817,0,A92,0,1,6,3,3,1554,1,2,1,0,2,3,24,0,0,2,2,1,1,1,1
818,1,A91,1,1,36,1,0,15857,1,3,2,1,3,3,43,0,1,1,3,1,0,1,1
819,1,A94,1,1,18,1,3,1345,1,1,4,0,3,1,26,2,1,1,2,1,0,1,0
820,0,A94,1,1,12,1,1,1101,1,1,3,0,2,1,27,0,1,2,2,1,1,1,1
821,3,A94,1,1,12,1,3,3016,1,1,3,0,1,3,24,0,1,1,2,1,0,1,1
822,1,A93,1,0,36,1,2,2712,1,2,2,0,2,2,41,2,1,1,2,2,0,1,0
823,1,A93,1,0,8,3,1,731,1,2,4,0,4,1,47,0,1,2,1,1,0,1,1
824,0,A91,1,1,18,3,2,3780,1,1,3,0,2,3,35,0,1,2,3,1,1,1,1
825,1,A94,1,1,21,3,1,1602,1,2,4,0,3,3,30,0,1,2,2,1,1,1,1
826,1,A92,0,1,18,3,1,3966,1,2,1,0,4,1,33,2,0,3,2,1,1,1,0
827,0,A93,1,0,18,1,9,4165,1,1,2,0,2,3,36,1,1,2,2,2,0,1,0
828,1,A93,1,0,36,1,1,8335,3,2,3,0,4,0,47,0,2,1,2,1,0,1,0
829,2,A93,1,0,48,2,9,6681,3,1,4,0,4,0,38,0,2,1,2,2,1,1,1
830,0,A93,1,0,24,2,9,2375,2,1,4,0,2,3,44,0,1,2,2,2,1,1,1
831,1,A92,0,1,18,1,1,1216,1,1,4,0,3,3,23,0,0,1,2,1,1,1,0
832,1,A93,1,0,45,1,9,11816,1,2,2,0,4,3,29,0,0,2,2,1,0,1,0
833,2,A92,0,1,24,1,3,5084,3,2,2,0,4,3,42,0,1,1,2,1,1,1,1
834,3,A92,0,1,15,1,3,2327,1,1,2,0,3,1,25,0,1,1,1,1,0,1,0
835,1,A93,1,0,12,1,1,1082,1,1,4,0,4,3,48,2,1,2,2,1,0,1,0
836,0,A92,0,1,12,1,3,886,3,1,4,0,2,3,21,0,1,1,2,1,0,1,1
837,0,A92,0,1,4,1,2,601,1,1,1,0,3,1,23,0,0,1,1,2,0,1,1
838,1,A93,1,0,24,3,1,2957,1,2,4,0,4,2,63,0,1,2,2,1,1,1,1
839,0,A94,1,1,24,3,3,2611,1,2,4,1,3,1,46,0,1,2,2,1,0,1,1
840,1,A93,1,0,36,1,2,5179,1,2,4,0,2,2,29,0,1,1,2,1,0,1,0
841,0,A93,1,0,21,2,1,2993,1,1,3,0,2,1,28,1,1,2,1,1,0,1,1
842,0,A92,0,1,18,1,5,1943,1,1,4,0,4,1,23,0,1,1,2,1,0,1,0
843,0,A93,1,0,24,1,9,1559,1,2,4,0,4,3,50,2,1,1,2,1,1,1,1
844,0,A93,1,0,18,1,2,3422,1,2,4,0,4,2,47,2,1,3,2,2,1,1,1
845,2,A93,1,0,21,1,2,3976,3,2,2,0,3,3,35,0,1,1,2,1,1,1,1
846,0,A93,1,0,18,1,1,6761,3,1,2,0,4,3,68,0,0,2,2,1,0,1,0
847,0,A94,1,1,24,1,1,1249,1,1,4,0,2,1,28,0,1,1,2,1,0,1,1
848,1,A93,1,0,9,1,3,1364,1,2,3,0,4,1,59,0,1,1,2,1,0,1,1
849,1,A93,1,0,12,1,3,709,1,2,4,0,4,1,57,1,1,1,1,1,0,1,0
850,1,A94,1,1,20,3,1,2235,1,1,4,2,2,2,33,2,0,2,2,1,0,0,0
851,0,A93,1,0,24,3,1,4042,3,2,3,0,4,2,43,0,1,2,2,1,1,1,1
852,0,A93,1,0,15,3,3,1471,1,1,4,0,4,0,35,0,2,2,2,1,1,1,1
853,1,A93,1,0,18,1,1,1442,1,2,4,0,4,0,32,0,2,2,1,2,0,1,0
854,0,A93,1,0,36,2,1,10875,1,2,2,0,2,3,45,0,1,2,2,2,1,1,1
855,0,A94,1,1,24,1,1,1474,1,1,4,0,3,1,33,0,1,1,2,1,1,1,1
856,0,A92,0,1,10,1,8,894,3,2,4,0,3,2,40,0,1,1,2,1,1,1,1
857,0,A93,1,0,15,3,2,3343,1,1,4,0,2,0,28,0,2,1,2,1,1,1,1
858,1,A92,0,1,15,1,1,3959,1,1,3,0,2,2,29,0,1,1,2,1,1,1,0
859,0,A93,1,0,9,1,1,3577,1,1,1,2,2,1,26,0,0,1,2,2,0,0,1
860,0,A93,1,0,24,3,1,5804,2,1,4,0,2,1,27,0,1,2,2,1,0,1,1
861,0,A94,1,1,18,2,9,2169,1,1,4,0,2,3,28,0,1,1,2,1,1,1,0
862,1,A92,0,1,24,1,3,2439,1,1,4,0,4,1,35,0,1,1,2,1,1,1,0
863,0,A93,1,0,27,3,2,4526,2,1,4,0,2,1,32,1,1,2,1,2,1,1,1
864,0,A93,1,0,10,1,2,2210,1,1,2,0,2,1,25,2,0,1,1,1,0,1,0
865,0,A92,0,1,15,1,2,2221,2,1,2,0,4,3,20,0,0,1,2,1,0,1,1
866,1,A92,0,1,18,1,3,2389,1,1,4,0,1,3,27,1,1,1,2,1,0,1,1
867,0,A93,1,0,12,3,2,3331,1,2,2,0,4,2,42,1,1,1,2,1,0,1,1
868,0,A93,1,0,36,1,9,7409,3,2,3,0,2,2,37,0,1,2,2,1,0,1,1
869,1,A92,0,1,12,1,2,652,1,2,4,0,4,2,24,0,0,1,2,1,0,1,1
870,0,A92,0,1,36,2,2,7678,2,2,2,0,4,3,40,0,1,2,2,1,1,1,1
871,3,A93,1,0,6,3,1,1343,1,2,1,0,4,1,46,0,1,2,2,2,0,0,1
872,1,A93,1,0,24,3,9,1382,1,2,4,0,1,1,26,0,1,2,2,1,1,1,1
873,0,A92,0,1,15,1,4,874,3,1,4,0,1,1,24,0,1,1,2,1,0,1,1
874,1,A93,1,0,12,1,2,3590,1,1,2,1,2,2,29,0,1,1,1,2,0,1,1
875,2,A92,0,1,11,3,1,1322,2,1,4,0,4,3,40,0,1,2,2,1,0,1,1
876,1,A93,1,0,18,1,3,1940,1,1,3,1,4,0,36,2,2,1,3,1,1,1,1
877,0,A93,1,0,36,1,3,3595,1,2,4,0,2,3,28,0,1,1,2,1,0,1,1
878,1,A93,1,0,9,1,1,1422,1,1,3,0,2,0,27,0,2,1,3,1,1,1,0
879,0,A93,1,0,30,3,3,6742,3,2,2,0,3,2,36,0,1,2,2,1,0,1,1
880,0,A93,1,0,24,1,1,7814,1,2,3,0,3,3,38,0,1,1,3,1,1,1,1
881,0,A91,1,1,24,1,1,9277,3,1,2,0,4,0,48,0,2,1,2,1,1,1,1
882,2,A93,1,0,30,3,1,2181,3,2,4,0,4,1,36,0,1,2,2,1,0,1,1
883,0,A92,0,1,18,3,3,1098,1,3,4,0,4,3,65,0,1,2,0,1,0,1,1
884,2,A91,1,1,24,1,2,4057,1,2,3,0,3,3,43,0,1,1,2,1,1,1,0
885,1,A92,0,1,12,1,6,795,1,1,4,0,4,2,53,0,1,1,2,1,0,1,0
886,2,A93,1,0,24,3,9,2825,3,2,4,0,3,0,34,0,1,2,2,2,1,1,1
887,2,A93,1,0,48,1,9,15672,1,1,2,0,2,3,23,0,1,1,2,1,1,1,0
888,0,A93,1,0,36,3,1,6614,1,2,4,0,4,3,34,0,1,2,3,1,1,1,1
889,0,A93,1,0,28,1,1,7824,3,1,3,2,4,1,40,2,0,2,2,2,1,1,1
890,1,A93,1,0,27,3,9,2442,1,2,4,0,4,3,43,1,1,4,3,2,1,1,1
891,0,A93,1,0,15,3,3,1829,1,2,4,0,4,3,46,0,1,2,2,1,1,1,1
892,1,A93,1,0,12,3,1,2171,1,1,4,0,4,2,38,2,1,2,1,1,0,0,1
893,2,A93,1,0,36,3,1,5800,1,1,3,0,4,3,34,0,1,2,2,1,1,1,1
894,0,A93,1,0,18,3,3,1169,3,1,4,0,3,2,29,0,1,2,2,1,1,1,1
895,0,A93,1,0,36,2,1,8947,3,2,3,0,2,3,31,1,1,1,3,2,1,1,1
896,1,A92,0,1,21,1,3,2606,1,1,4,0,4,2,28,0,0,1,3,1,1,1,1
897,0,A92,0,1,12,3,2,1592,2,2,3,0,2,2,35,0,1,1,2,1,0,0,1
898,0,A92,0,1,15,1,2,2186,3,2,1,0,4,1,33,2,0,1,1,1,0,1,1
899,1,A93,1,0,18,1,2,4153,1,1,2,1,3,3,42,0,1,1,2,1,0,1,0
900,1,A93,1,0,16,3,1,2625,1,2,2,2,4,2,43,2,0,1,2,1,1,1,0
901,0,A91,1,1,20,3,1,3485,3,1,2,0,4,1,44,0,1,2,2,1,1,1,1
902,0,A93,1,0,36,3,1,10477,3,2,2,0,4,0,42,0,2,2,2,1,0,1,1
903,0,A94,1,1,15,1,3,1386,3,1,4,0,2,1,40,0,0,1,2,1,1,1,1
904,0,A93,1,0,24,1,3,1278,1,2,4,0,1,1,36,0,1,1,3,1,1,1,1
905,1,A93,1,0,12,1,3,1107,1,1,2,0,2,1,20,0,0,1,3,2,1,1,1
906,1,A93,1,0,21,1,1,3763,3,2,2,1,2,1,24,0,1,1,1,1,0,0,1
907,2,A94,1,1,36,1,6,3711,3,1,2,0,2,3,27,0,1,1,2,1,0,1,1
908,0,A92,0,1,15,2,1,3594,1,1,1,0,2,2,46,0,1,2,1,1,0,1,1
909,2,A92,0,1,9,1,1,3195,3,1,1,0,2,1,33,0,1,1,1,1,0,1,1
910,0,A92,0,1,36,2,3,4454,1,1,4,0,4,1,34,0,1,2,2,1,0,1,1
911,2,A92,0,1,24,3,2,4736,1,1,2,0,4,3,25,2,1,1,1,1,0,1,0
912,2,A92,0,1,30,1,3,2991,3,2,2,0,4,3,25,0,1,1,2,1,0,1,1
913,0,A91,1,1,11,1,9,2142,2,2,1,0,2,1,28,0,1,1,2,1,1,1,1
914,1,A93,1,0,24,1,9,3161,1,1,4,0,2,2,31,0,0,1,2,1,1,1,0
915,2,A92,0,1,48,1,0,18424,1,1,1,0,2,2,32,2,1,1,3,1,1,0,0
916,0,A93,1,0,10,1,1,2848,1,1,1,1,2,1,32,0,1,1,2,2,0,1,1
917,1,A93,1,0,6,1,1,14896,1,2,1,0,4,0,68,2,1,1,3,1,1,1,0
918,1,A91,1,1,24,1,2,2359,1,3,1,0,1,2,33,0,1,1,2,1,0,1,0
919,1,A93,1,0,24,1,2,3345,1,2,4,0,2,2,39,0,0,1,3,1,1,1,0
920,0,A92,0,1,18,3,2,1817,1,1,4,0,2,0,28,0,1,2,2,1,0,1,1
921,0,A93,1,0,48,2,3,12749,2,2,4,0,1,3,37,0,1,1,3,1,1,1,1
922,1,A92,0,1,9,1,3,1366,1,1,3,0,4,2,22,0,0,1,2,1,0,1,0
923,2,A93,1,0,12,1,1,2002,1,2,3,0,4,2,30,0,0,1,2,2,1,1,1
924,1,A91,1,1,24,1,2,6872,1,1,2,0,1,2,55,2,1,1,2,1,1,1,0
925,1,A93,1,0,12,1,1,697,1,1,4,0,2,3,46,2,1,2,2,1,1,1,0
926,1,A92,0,1,18,3,2,1049,1,1,4,0,4,2,21,0,0,1,2,1,0,1,1
927,1,A93,1,0,48,1,1,10297,1,2,4,0,4,0,39,1,2,3,2,2,1,1,0
928,0,A93,1,0,30,1,3,1867,3,2,4,0,4,3,58,0,1,1,2,1,1,1,1
929,1,A93,1,0,12,2,1,1344,1,1,4,0,2,1,43,0,1,2,1,2,0,1,1
930,1,A93,1,0,24,1,2,1747,1,1,4,1,1,2,24,0,1,1,1,1,0,0,1
931,2,A92,0,1,9,1,3,1670,1,1,4,0,2,3,22,0,1,1,2,1,1,1,0
932,0,A93,1,0,9,3,1,1224,1,1,3,0,1,1,30,0,1,2,2,1,0,1,1
933,0,A93,1,0,12,3,3,522,2,2,4,0,4,2,42,0,1,2,2,2,1,1,1
934,1,A92,0,1,12,1,3,1498,1,1,4,0,1,3,23,2,1,1,2,1,0,1,1
935,2,A93,1,0,30,2,3,1919,1,1,4,0,3,0,30,1,1,2,3,1,0,1,0
936,3,A92,0,1,9,1,3,745,1,1,3,0,2,1,28,0,1,1,1,1,0,1,0
937,2,A94,1,1,6,1,3,2063,1,1,4,0,3,3,30,0,0,1,3,1,1,1,1
938,2,A93,1,0,60,1,6,6288,1,1,4,0,4,0,42,0,2,1,2,1,0,1,0
939,0,A93,1,0,24,3,1,6842,3,1,2,0,4,2,46,0,1,2,3,2,1,1,1
940,0,A93,1,0,12,1,1,3527,3,1,2,0,3,2,45,0,1,1,3,2,1,1,1
941,0,A93,1,0,10,1,1,1546,1,1,3,0,2,1,31,0,1,1,1,2,0,0,1
942,0,A93,1,0,24,1,2,929,3,2,4,0,2,3,31,1,1,1,2,1,1,1,1
943,0,A93,1,0,4,3,1,1455,1,2,2,0,1,1,42,0,1,3,1,2,0,1,1
944,1,A92,0,1,15,1,2,1845,1,1,4,2,1,2,46,0,0,1,2,1,0,1,1
945,2,A92,0,1,48,1,1,8358,2,1,1,0,1,3,30,0,1,2,2,1,0,1,1
946,1,A93,1,0,24,1,2,3349,2,1,4,0,4,0,30,0,2,1,2,2,1,1,0
947,0,A93,1,0,12,1,1,2859,3,3,4,0,4,0,38,0,1,1,3,1,1,1,1
948,0,A94,1,1,18,1,2,1533,1,1,4,1,1,2,43,0,1,1,1,2,0,1,0
949,0,A93,1,0,24,1,3,3621,1,2,2,0,4,3,31,0,1,2,2,1,0,1,0
950,2,A94,1,1,18,3,9,3590,1,3,3,0,3,3,40,0,1,3,0,2,1,1,1
951,1,A93,1,0,36,2,9,2145,1,2,2,0,1,3,24,0,1,2,2,1,1,1,0
952,2,A92,0,1,24,1,1,4113,2,1,3,0,4,3,28,0,0,1,2,1,0,1,0
953,0,A92,0,1,36,1,2,10974,1,3,4,0,2,3,26,0,1,2,3,1,1,1,0
954,1,A92,0,1,12,1,1,1893,1,1,4,2,4,2,29,0,1,1,2,1,1,1,1
955,1,A92,0,1,24,3,3,1231,2,2,4,0,4,2,57,0,0,2,3,1,1,1,1
956,3,A93,1,0,30,3,3,3656,3,2,4,0,4,2,49,1,1,2,1,1,0,1,1
957,2,A93,1,0,9,3,3,1154,1,2,2,0,4,1,37,0,1,3,1,1,0,1,1
958,1,A93,1,0,28,1,1,4006,1,1,3,0,2,3,45,0,1,1,1,1,0,1,0
959,2,A93,1,0,24,1,2,3069,1,2,4,0,4,0,30,0,2,1,2,1,0,1,1
960,0,A94,1,1,6,3,3,1740,1,2,2,0,2,1,30,0,0,2,2,1,0,1,1
961,2,A91,1,1,21,2,1,2353,1,1,1,0,4,2,47,0,1,2,2,1,0,1,1
962,0,A93,1,0,15,1,1,3556,3,1,3,0,2,0,29,0,1,1,2,1,0,1,1
963,0,A93,1,0,24,1,3,2397,2,2,3,0,2,3,35,2,1,2,2,1,1,1,0
964,2,A94,1,1,6,1,5,454,1,1,3,0,1,2,22,0,1,1,1,1,0,1,1
965,2,A92,0,1,30,1,3,1715,3,1,4,0,1,3,26,0,1,1,2,1,0,1,1
966,2,A93,1,0,27,3,3,2520,2,1,4,0,2,2,23,0,1,2,1,1,0,1,0
967,0,A92,0,1,15,1,3,3568,1,2,4,0,2,3,54,2,0,1,3,1,1,1,1
968,0,A94,1,1,42,1,3,7166,3,2,2,0,4,2,29,0,0,1,2,1,1,1,1
969,1,A93,1,0,11,3,1,3939,1,1,1,0,2,1,40,0,1,2,1,2,0,1,1
970,2,A93,1,0,15,1,5,1514,1,1,4,2,2,1,22,0,1,1,2,1,0,1,1
971,0,A93,1,0,24,1,1,7393,1,1,1,0,4,2,43,0,1,1,1,2,0,1,1
972,1,A92,0,1,24,1,1,1193,1,3,1,1,4,0,29,0,0,2,0,1,0,1,0
973,1,A93,1,0,60,1,9,7297,1,2,4,1,4,0,36,0,0,1,2,1,0,1,0
974,0,A92,0,1,30,3,3,2831,1,1,4,0,2,3,33,0,1,1,2,1,1,1,1
975,3,A92,0,1,24,1,3,1258,2,1,3,0,3,3,57,0,1,1,1,1,0,1,1
976,2,A92,0,1,6,1,3,753,1,1,2,2,3,1,64,0,1,1,2,1,0,1,1
977,2,A93,1,0,18,2,9,2427,3,2,4,0,2,2,42,0,1,2,2,1,0,1,1
978,0,A93,1,0,24,2,1,2538,1,2,4,0,4,3,47,0,1,2,1,2,0,1,0
979,2,A94,1,1,15,1,1,1264,1,1,2,0,2,2,25,0,0,1,2,1,0,1,0
980,2,A93,1,0,30,3,2,8386,1,2,2,0,2,2,49,0,1,1,2,1,0,1,0
981,0,A93,1,0,48,1,9,4844,1,3,3,0,2,3,33,2,0,1,3,1,1,1,0
982,3,A92,0,1,21,1,1,2923,1,1,1,0,1,3,28,2,1,1,3,1,1,1,1
983,1,A93,1,0,36,1,1,8229,1,1,2,0,2,2,26,0,1,1,2,2,0,1,0
984,0,A93,1,0,24,3,2,2028,1,2,2,0,2,2,30,0,1,2,1,1,0,1,1
985,1,A92,0,1,15,3,2,1433,1,1,4,0,3,2,25,0,0,2,2,1,0,1,1
986,3,A91,1,1,42,1,9,6289,1,1,2,0,1,2,33,0,1,2,2,1,0,1,1
987,0,A92,0,1,13,1,3,1409,1,3,2,0,4,1,64,0,1,1,2,1,0,1,1
988,1,A93,1,0,24,1,1,6579,1,3,4,0,2,0,29,0,2,1,3,1,1,1,1
989,2,A93,1,0,24,3,3,1743,1,2,4,0,2,2,48,0,1,2,1,1,0,1,1
990,0,A93,1,0,12,3,6,3565,3,1,2,0,1,2,37,0,1,2,1,2,0,1,1
991,0,A93,1,0,15,1,3,1569,1,2,4,0,4,3,34,2,1,1,1,2,0,1,1
992,1,A94,1,1,18,1,3,1936,3,2,2,0,4,3,23,0,0,2,1,1,0,1,1
993,1,A93,1,0,36,1,2,3959,1,3,4,0,3,2,30,0,1,1,3,1,1,1,1
994,0,A93,1,0,12,1,1,2390,3,2,4,0,3,3,50,0,1,1,2,1,1,1,1
995,0,A92,0,1,12,1,2,1736,1,2,3,0,4,1,31,0,1,1,1,1,0,1,1
996,1,A91,1,1,30,1,1,3857,1,1,4,0,4,2,40,0,1,1,3,1,1,1,1
997,0,A93,1,0,12,1,3,804,1,2,4,0,4,3,38,0,1,1,2,1,0,1,1
998,1,A93,1,0,45,1,3,1845,1,1,4,0,4,0,23,0,2,1,2,1,1,1,0
999,2,A93,1,0,45,3,1,4576,1,3,3,0,4,3,27,0,1,1,2,1,0,1,1
